[33m╷[0m[0m
[33m│[0m [0m[1m[33mWarning: [0m[0m[1mDeprecated Parameter[0m
[33m│[0m [0m
[33m│[0m [0m[0mThe parameter "dynamodb_table" is deprecated. Use parameter "use_lockfile"
[33m│[0m [0minstead.
[33m╵[0m[0m
[0m[1mmodule.acm.data.aws_route53_zone.this: Reading...[0m[0m
[0m[1mmodule.iam_bootstrap.aws_iam_role.eks_node: Refreshing state... [id=chatapp-prod-eks-node-role][0m
[0m[1mmodule.iam_bootstrap.aws_iam_role.eks_cluster: Refreshing state... [id=chatapp-prod-eks-cluster-role][0m
[0m[1mmodule.vpc.aws_vpc.this: Refreshing state... [id=vpc-0b72408b130d448c3][0m
[0m[1mmodule.vpc.aws_eip.nat[0]: Refreshing state... [id=eipalloc-09168f6c40cb24321][0m
[0m[1mmodule.vpc.aws_eip.nat[1]: Refreshing state... [id=eipalloc-0fddb3a36118cd4b4][0m
[0m[1mmodule.vpc.aws_cloudwatch_log_group.flow_logs: Refreshing state... [id=/aws/vpc/chatapp-prod-flow-logs][0m
[0m[1mmodule.waf.data.aws_caller_identity.current: Reading...[0m[0m
[0m[1mdata.aws_caller_identity.current: Reading...[0m[0m
[0m[1mmodule.waf.data.aws_caller_identity.current: Read complete after 0s [id=866317130608][0m
[0m[1mmodule.vpc.aws_iam_role.flow_logs: Refreshing state... [id=chatapp-prod-vpc-flow-logs-role][0m
[0m[1mdata.aws_caller_identity.current: Read complete after 0s [id=866317130608][0m
[0m[1mmodule.kms.data.aws_iam_policy_document.kms: Reading...[0m[0m
[0m[1mmodule.kms.data.aws_iam_policy_document.kms: Read complete after 0s [id=1707013534][0m
[0m[1mmodule.kms.aws_kms_key.secrets: Refreshing state... [id=bb0c79a8-ecc3-4a7f-b134-809ce1dd05de][0m
[0m[1mmodule.kms.aws_kms_key.elasticache: Refreshing state... [id=fdb42f14-0470-447b-b058-11939ddf0ba5][0m
[0m[1mmodule.kms.aws_kms_key.rds: Refreshing state... [id=1e38ad7e-3f9a-41be-af70-735c595d2fae][0m
[0m[1mmodule.acm.data.aws_route53_zone.this: Read complete after 1s [id=Z00059733M4NJCLBQJPRL][0m
[0m[1mmodule.kms.aws_kms_key.eks: Refreshing state... [id=1da0acac-6856-4c75-a15c-5f5b56753b51][0m
[0m[1mmodule.iam_bootstrap.aws_iam_role_policy_attachment.node_cni: Refreshing state... [id=chatapp-prod-eks-node-role-20260527192833945500000003][0m
[0m[1mmodule.iam_bootstrap.aws_iam_role_policy_attachment.node_worker: Refreshing state... [id=chatapp-prod-eks-node-role-20260527192833780900000002][0m
[0m[1mmodule.iam_bootstrap.aws_iam_role_policy_attachment.node_ecr: Refreshing state... [id=chatapp-prod-eks-node-role-20260527192833991300000004][0m
[0m[1mmodule.iam_bootstrap.aws_iam_role_policy_attachment.eks_cluster: Refreshing state... [id=chatapp-prod-eks-cluster-role-20260527192833723100000001][0m
[0m[1mmodule.vpc.aws_iam_role_policy.flow_logs: Refreshing state... [id=chatapp-prod-vpc-flow-logs-role:chatapp-prod-vpc-flow-logs-policy][0m
[0m[1mmodule.kms.aws_kms_alias.secrets: Refreshing state... [id=alias/chatapp-prod-secrets][0m
[0m[1mmodule.kms.aws_kms_alias.elasticache: Refreshing state... [id=alias/chatapp-prod-elasticache][0m
[0m[1mmodule.kms.aws_kms_alias.rds: Refreshing state... [id=alias/chatapp-prod-rds][0m
[0m[1mmodule.kms.aws_kms_alias.eks: Refreshing state... [id=alias/chatapp-prod-eks][0m
[0m[1mmodule.vpc.aws_internet_gateway.this: Refreshing state... [id=igw-0e9f3af4de5397325][0m
[0m[1mmodule.vpc.aws_flow_log.this: Refreshing state... [id=fl-0768b025973278364][0m
[0m[1mmodule.vpc.aws_subnet.public[0]: Refreshing state... [id=subnet-03bcc23ff0b9c581b][0m
[0m[1mmodule.vpc.aws_subnet.public[1]: Refreshing state... [id=subnet-0af936a04f2566862][0m
[0m[1mmodule.security_groups.aws_security_group.alb: Refreshing state... [id=sg-0439254edd1d87ae5][0m
[0m[1mmodule.vpc.aws_subnet.private_app[1]: Refreshing state... [id=subnet-07812a1ed90988455][0m
[0m[1mmodule.vpc.aws_subnet.private_app[0]: Refreshing state... [id=subnet-01027afaca18214fa][0m
[0m[1mmodule.vpc.aws_subnet.private_data[1]: Refreshing state... [id=subnet-061d7861a5a893e9c][0m
[0m[1mmodule.vpc.aws_subnet.private_data[0]: Refreshing state... [id=subnet-0e5489d4f3adc80fb][0m
[0m[1mmodule.vpc.aws_route_table.public: Refreshing state... [id=rtb-02f364bce916e8c90][0m
[0m[1mmodule.vpc.aws_nat_gateway.this[0]: Refreshing state... [id=nat-0518b3753ebd16c33][0m
[0m[1mmodule.vpc.aws_nat_gateway.this[1]: Refreshing state... [id=nat-0199ee27c088e4aaf][0m
[0m[1mmodule.security_groups.aws_security_group.eks_nodes: Refreshing state... [id=sg-0d1226b1743f42bf6][0m
[0m[1mmodule.vpc.aws_route_table.private_data[0]: Refreshing state... [id=rtb-0b7440b791615ccdf][0m
[0m[1mmodule.vpc.aws_route_table.private_app[0]: Refreshing state... [id=rtb-010e83aaa2870bc9e][0m
[0m[1mmodule.vpc.aws_route_table.private_data[1]: Refreshing state... [id=rtb-0601ecebbadac4071][0m
[0m[1mmodule.vpc.aws_route_table.private_app[1]: Refreshing state... [id=rtb-0831a2d4880e13c51][0m
[0m[1mmodule.vpc.aws_route_table_association.public[1]: Refreshing state... [id=rtbassoc-0a9c3712b87310f0d][0m
[0m[1mmodule.vpc.aws_route_table_association.public[0]: Refreshing state... [id=rtbassoc-056307e712881d60d][0m
[0m[1mmodule.security_groups.aws_security_group.elasticache: Refreshing state... [id=sg-036ef300b8b3f2d25][0m
[0m[1mmodule.security_groups.aws_security_group.rds: Refreshing state... [id=sg-0038e0c9748480ee4][0m
[0m[1mmodule.vpc.aws_route_table_association.private_data[1]: Refreshing state... [id=rtbassoc-06d4504f4be2c85ab][0m
[0m[1mmodule.vpc.aws_route_table_association.private_app[0]: Refreshing state... [id=rtbassoc-0d9954f887f478c0e][0m
[0m[1mmodule.vpc.aws_route_table_association.private_data[0]: Refreshing state... [id=rtbassoc-0131af44dc8fdc9c9][0m
[0m[1mmodule.vpc.aws_route_table_association.private_app[1]: Refreshing state... [id=rtbassoc-08d528a78d5191121][0m

Terraform used the selected providers to generate the following execution
plan. Resource actions are indicated with the following symbols:
  [32m+[0m create[0m
 [36m<=[0m read (data resources)[0m

Terraform planned the following actions, but then encountered a problem:

[1m  # aws_security_group_rule.eks_cluster_to_rds[0m will be created
[0m  [32m+[0m[0m resource "aws_security_group_rule" "eks_cluster_to_rds" {
      [32m+[0m[0m description              = "MySQL from EKS cluster SG"
      [32m+[0m[0m from_port                = 3306
      [32m+[0m[0m id                       = (known after apply)
      [32m+[0m[0m protocol                 = "tcp"
      [32m+[0m[0m security_group_id        = "sg-0038e0c9748480ee4"
      [32m+[0m[0m security_group_rule_id   = (known after apply)
      [32m+[0m[0m self                     = false
      [32m+[0m[0m source_security_group_id = (known after apply)
      [32m+[0m[0m to_port                  = 3306
      [32m+[0m[0m type                     = "ingress"
    }

[1m  # aws_security_group_rule.eks_cluster_to_redis[0m will be created
[0m  [32m+[0m[0m resource "aws_security_group_rule" "eks_cluster_to_redis" {
      [32m+[0m[0m description              = "Redis from EKS cluster SG"
      [32m+[0m[0m from_port                = 6379
      [32m+[0m[0m id                       = (known after apply)
      [32m+[0m[0m protocol                 = "tcp"
      [32m+[0m[0m security_group_id        = "sg-036ef300b8b3f2d25"
      [32m+[0m[0m security_group_rule_id   = (known after apply)
      [32m+[0m[0m self                     = false
      [32m+[0m[0m source_security_group_id = (known after apply)
      [32m+[0m[0m to_port                  = 6379
      [32m+[0m[0m type                     = "ingress"
    }

[1m  # helm_release.aws_lb_controller[0m will be created
[0m  [32m+[0m[0m resource "helm_release" "aws_lb_controller" {
      [32m+[0m[0m atomic                     = false
      [32m+[0m[0m chart                      = "aws-load-balancer-controller"
      [32m+[0m[0m cleanup_on_fail            = false
      [32m+[0m[0m create_namespace           = false
      [32m+[0m[0m dependency_update          = false
      [32m+[0m[0m disable_crd_hooks          = false
      [32m+[0m[0m disable_openapi_validation = false
      [32m+[0m[0m disable_webhooks           = false
      [32m+[0m[0m force_update               = false
      [32m+[0m[0m id                         = (known after apply)
      [32m+[0m[0m lint                       = false
      [32m+[0m[0m manifest                   = (known after apply)
      [32m+[0m[0m max_history                = 0
      [32m+[0m[0m metadata                   = (known after apply)
      [32m+[0m[0m name                       = "aws-load-balancer-controller"
      [32m+[0m[0m namespace                  = "kube-system"
      [32m+[0m[0m pass_credentials           = false
      [32m+[0m[0m recreate_pods              = false
      [32m+[0m[0m render_subchart_notes      = true
      [32m+[0m[0m replace                    = false
      [32m+[0m[0m repository                 = "https://aws.github.io/eks-charts"
      [32m+[0m[0m reset_values               = false
      [32m+[0m[0m reuse_values               = false
      [32m+[0m[0m skip_crds                  = false
      [32m+[0m[0m status                     = "deployed"
      [32m+[0m[0m timeout                    = 300
      [32m+[0m[0m verify                     = false
      [32m+[0m[0m version                    = "1.8.3"
      [32m+[0m[0m wait                       = true
      [32m+[0m[0m wait_for_jobs              = false

      [32m+[0m[0m set {
          [32m+[0m[0m name  = "clusterName"
          [32m+[0m[0m value = "chatapp-prod-cluster"
            [90m# (1 unchanged attribute hidden)[0m[0m
        }
      [32m+[0m[0m set {
          [32m+[0m[0m name  = "region"
          [32m+[0m[0m value = "us-east-1"
            [90m# (1 unchanged attribute hidden)[0m[0m
        }
      [32m+[0m[0m set {
          [32m+[0m[0m name  = "serviceAccount.create"
          [32m+[0m[0m value = "false"
            [90m# (1 unchanged attribute hidden)[0m[0m
        }
      [32m+[0m[0m set {
          [32m+[0m[0m name  = "serviceAccount.name"
          [32m+[0m[0m value = "aws-load-balancer-controller"
            [90m# (1 unchanged attribute hidden)[0m[0m
        }
      [32m+[0m[0m set {
          [32m+[0m[0m name  = "vpcId"
          [32m+[0m[0m value = "vpc-0b72408b130d448c3"
            [90m# (1 unchanged attribute hidden)[0m[0m
        }
    }

[1m  # helm_release.cluster_autoscaler[0m will be created
[0m  [32m+[0m[0m resource "helm_release" "cluster_autoscaler" {
      [32m+[0m[0m atomic                     = false
      [32m+[0m[0m chart                      = "cluster-autoscaler"
      [32m+[0m[0m cleanup_on_fail            = false
      [32m+[0m[0m create_namespace           = false
      [32m+[0m[0m dependency_update          = false
      [32m+[0m[0m disable_crd_hooks          = false
      [32m+[0m[0m disable_openapi_validation = false
      [32m+[0m[0m disable_webhooks           = false
      [32m+[0m[0m force_update               = false
      [32m+[0m[0m id                         = (known after apply)
      [32m+[0m[0m lint                       = false
      [32m+[0m[0m manifest                   = (known after apply)
      [32m+[0m[0m max_history                = 0
      [32m+[0m[0m metadata                   = (known after apply)
      [32m+[0m[0m name                       = "cluster-autoscaler"
      [32m+[0m[0m namespace                  = "kube-system"
      [32m+[0m[0m pass_credentials           = false
      [32m+[0m[0m recreate_pods              = false
      [32m+[0m[0m render_subchart_notes      = true
      [32m+[0m[0m replace                    = false
      [32m+[0m[0m repository                 = "https://kubernetes.github.io/autoscaler"
      [32m+[0m[0m reset_values               = false
      [32m+[0m[0m reuse_values               = false
      [32m+[0m[0m skip_crds                  = false
      [32m+[0m[0m status                     = "deployed"
      [32m+[0m[0m timeout                    = 300
      [32m+[0m[0m verify                     = false
      [32m+[0m[0m version                    = "9.37.0"
      [32m+[0m[0m wait                       = true
      [32m+[0m[0m wait_for_jobs              = false

      [32m+[0m[0m set {
          [32m+[0m[0m name  = "autoDiscovery.clusterName"
          [32m+[0m[0m value = "chatapp-prod-cluster"
            [90m# (1 unchanged attribute hidden)[0m[0m
        }
      [32m+[0m[0m set {
          [32m+[0m[0m name  = "awsRegion"
          [32m+[0m[0m value = "us-east-1"
            [90m# (1 unchanged attribute hidden)[0m[0m
        }
      [32m+[0m[0m set {
          [32m+[0m[0m name  = "extraArgs.balance-similar-node-groups"
          [32m+[0m[0m value = "true"
            [90m# (1 unchanged attribute hidden)[0m[0m
        }
      [32m+[0m[0m set {
          [32m+[0m[0m name  = "extraArgs.skip-nodes-with-system-pods"
          [32m+[0m[0m value = "false"
            [90m# (1 unchanged attribute hidden)[0m[0m
        }
      [32m+[0m[0m set {
          [32m+[0m[0m name  = "rbac.serviceAccount.create"
          [32m+[0m[0m value = "false"
            [90m# (1 unchanged attribute hidden)[0m[0m
        }
      [32m+[0m[0m set {
          [32m+[0m[0m name  = "rbac.serviceAccount.name"
          [32m+[0m[0m value = "cluster-autoscaler"
            [90m# (1 unchanged attribute hidden)[0m[0m
        }
    }

[1m  # helm_release.external_secrets[0m will be created
[0m  [32m+[0m[0m resource "helm_release" "external_secrets" {
      [32m+[0m[0m atomic                     = false
      [32m+[0m[0m chart                      = "external-secrets"
      [32m+[0m[0m cleanup_on_fail            = false
      [32m+[0m[0m create_namespace           = true
      [32m+[0m[0m dependency_update          = false
      [32m+[0m[0m disable_crd_hooks          = false
      [32m+[0m[0m disable_openapi_validation = false
      [32m+[0m[0m disable_webhooks           = false
      [32m+[0m[0m force_update               = false
      [32m+[0m[0m id                         = (known after apply)
      [32m+[0m[0m lint                       = false
      [32m+[0m[0m manifest                   = (known after apply)
      [32m+[0m[0m max_history                = 0
      [32m+[0m[0m metadata                   = (known after apply)
      [32m+[0m[0m name                       = "external-secrets"
      [32m+[0m[0m namespace                  = "external-secrets"
      [32m+[0m[0m pass_credentials           = false
      [32m+[0m[0m recreate_pods              = false
      [32m+[0m[0m render_subchart_notes      = true
      [32m+[0m[0m replace                    = false
      [32m+[0m[0m repository                 = "https://charts.external-secrets.io"
      [32m+[0m[0m reset_values               = false
      [32m+[0m[0m reuse_values               = false
      [32m+[0m[0m skip_crds                  = false
      [32m+[0m[0m status                     = "deployed"
      [32m+[0m[0m timeout                    = 300
      [32m+[0m[0m verify                     = false
      [32m+[0m[0m version                    = "0.9.20"
      [32m+[0m[0m wait                       = true
      [32m+[0m[0m wait_for_jobs              = false

      [32m+[0m[0m set {
          [32m+[0m[0m name  = "serviceAccount.create"
          [32m+[0m[0m value = "false"
            [90m# (1 unchanged attribute hidden)[0m[0m
        }
      [32m+[0m[0m set {
          [32m+[0m[0m name  = "serviceAccount.name"
          [32m+[0m[0m value = "external-secrets"
            [90m# (1 unchanged attribute hidden)[0m[0m
        }
    }

[1m  # helm_release.metrics_server[0m will be created
[0m  [32m+[0m[0m resource "helm_release" "metrics_server" {
      [32m+[0m[0m atomic                     = false
      [32m+[0m[0m chart                      = "metrics-server"
      [32m+[0m[0m cleanup_on_fail            = false
      [32m+[0m[0m create_namespace           = false
      [32m+[0m[0m dependency_update          = false
      [32m+[0m[0m disable_crd_hooks          = false
      [32m+[0m[0m disable_openapi_validation = false
      [32m+[0m[0m disable_webhooks           = false
      [32m+[0m[0m force_update               = false
      [32m+[0m[0m id                         = (known after apply)
      [32m+[0m[0m lint                       = false
      [32m+[0m[0m manifest                   = (known after apply)
      [32m+[0m[0m max_history                = 0
      [32m+[0m[0m metadata                   = (known after apply)
      [32m+[0m[0m name                       = "metrics-server"
      [32m+[0m[0m namespace                  = "kube-system"
      [32m+[0m[0m pass_credentials           = false
      [32m+[0m[0m recreate_pods              = false
      [32m+[0m[0m render_subchart_notes      = true
      [32m+[0m[0m replace                    = false
      [32m+[0m[0m repository                 = "https://kubernetes-sigs.github.io/metrics-server/"
      [32m+[0m[0m reset_values               = false
      [32m+[0m[0m reuse_values               = false
      [32m+[0m[0m skip_crds                  = false
      [32m+[0m[0m status                     = "deployed"
      [32m+[0m[0m timeout                    = 300
      [32m+[0m[0m verify                     = false
      [32m+[0m[0m version                    = "3.12.1"
      [32m+[0m[0m wait                       = true
      [32m+[0m[0m wait_for_jobs              = false
    }

[1m  # kubernetes_limit_range_v1.chatapp[0m will be created
[0m  [32m+[0m[0m resource "kubernetes_limit_range_v1" "chatapp" {
      [32m+[0m[0m id = (known after apply)

      [32m+[0m[0m metadata {
          [32m+[0m[0m generation       = (known after apply)
          [32m+[0m[0m name             = "chatapp-limits"
          [32m+[0m[0m namespace        = "chatapp"
          [32m+[0m[0m resource_version = (known after apply)
          [32m+[0m[0m uid              = (known after apply)
        }

      [32m+[0m[0m spec {
          [32m+[0m[0m limit {
              [32m+[0m[0m default         = {
                  [32m+[0m[0m "cpu"    = "500m"
                  [32m+[0m[0m "memory" = "512Mi"
                }
              [32m+[0m[0m default_request = {
                  [32m+[0m[0m "cpu"    = "100m"
                  [32m+[0m[0m "memory" = "128Mi"
                }
              [32m+[0m[0m max             = {
                  [32m+[0m[0m "cpu"    = "2"
                  [32m+[0m[0m "memory" = "2Gi"
                }
              [32m+[0m[0m type            = "Container"
            }
        }
    }

[1m  # kubernetes_namespace.chatapp[0m will be created
[0m  [32m+[0m[0m resource "kubernetes_namespace" "chatapp" {
      [32m+[0m[0m id                               = (known after apply)
      [32m+[0m[0m wait_for_default_service_account = false

      [32m+[0m[0m metadata {
          [32m+[0m[0m generation       = (known after apply)
          [32m+[0m[0m labels           = {
              [32m+[0m[0m "pod-security.kubernetes.io/enforce" = "restricted"
              [32m+[0m[0m "pod-security.kubernetes.io/warn"    = "restricted"
            }
          [32m+[0m[0m name             = "chatapp"
          [32m+[0m[0m resource_version = (known after apply)
          [32m+[0m[0m uid              = (known after apply)
        }
    }

[1m  # kubernetes_namespace.external_secrets[0m will be created
[0m  [32m+[0m[0m resource "kubernetes_namespace" "external_secrets" {
      [32m+[0m[0m id                               = (known after apply)
      [32m+[0m[0m wait_for_default_service_account = false

      [32m+[0m[0m metadata {
          [32m+[0m[0m generation       = (known after apply)
          [32m+[0m[0m name             = "external-secrets"
          [32m+[0m[0m resource_version = (known after apply)
          [32m+[0m[0m uid              = (known after apply)
        }
    }

[1m  # kubernetes_network_policy.chatapp[0m will be created
[0m  [32m+[0m[0m resource "kubernetes_network_policy" "chatapp" {
      [32m+[0m[0m id = (known after apply)

      [32m+[0m[0m metadata {
          [32m+[0m[0m generation       = (known after apply)
          [32m+[0m[0m name             = "chatapp-netpol"
          [32m+[0m[0m namespace        = "chatapp"
          [32m+[0m[0m resource_version = (known after apply)
          [32m+[0m[0m uid              = (known after apply)
        }

      [32m+[0m[0m spec {
          [32m+[0m[0m policy_types = [
              [32m+[0m[0m "Ingress",
              [32m+[0m[0m "Egress",
            ]

          [32m+[0m[0m egress {
              [32m+[0m[0m ports {
                  [32m+[0m[0m port     = "53"
                  [32m+[0m[0m protocol = "UDP"
                }
            }
          [32m+[0m[0m egress {
              [32m+[0m[0m ports {
                  [32m+[0m[0m port     = "3306"
                  [32m+[0m[0m protocol = "TCP"
                }
            }
          [32m+[0m[0m egress {
              [32m+[0m[0m ports {
                  [32m+[0m[0m port     = "6379"
                  [32m+[0m[0m protocol = "TCP"
                }
            }
          [32m+[0m[0m egress {
              [32m+[0m[0m ports {
                  [32m+[0m[0m port     = "443"
                  [32m+[0m[0m protocol = "TCP"
                }
            }

          [32m+[0m[0m ingress {
              [32m+[0m[0m ports {
                  [32m+[0m[0m port     = "8000"
                  [32m+[0m[0m protocol = "TCP"
                }
            }

          [32m+[0m[0m pod_selector {
              [32m+[0m[0m match_labels = {
                  [32m+[0m[0m "app.kubernetes.io/name" = "chat-api"
                }
            }
        }
    }

[1m  # kubernetes_pod_disruption_budget_v1.chatapp[0m will be created
[0m  [32m+[0m[0m resource "kubernetes_pod_disruption_budget_v1" "chatapp" {
      [32m+[0m[0m id = (known after apply)

      [32m+[0m[0m metadata {
          [32m+[0m[0m generation       = (known after apply)
          [32m+[0m[0m name             = "chatapp-pdb"
          [32m+[0m[0m namespace        = "chatapp"
          [32m+[0m[0m resource_version = (known after apply)
          [32m+[0m[0m uid              = (known after apply)
        }

      [32m+[0m[0m spec {
          [32m+[0m[0m min_available = "1"

          [32m+[0m[0m selector {
              [32m+[0m[0m match_labels = {
                  [32m+[0m[0m "app.kubernetes.io/name" = "chat-api"
                }
            }
        }
    }

[1m  # kubernetes_resource_quota_v1.chatapp[0m will be created
[0m  [32m+[0m[0m resource "kubernetes_resource_quota_v1" "chatapp" {
      [32m+[0m[0m id = (known after apply)

      [32m+[0m[0m metadata {
          [32m+[0m[0m generation       = (known after apply)
          [32m+[0m[0m name             = "chatapp-quota"
          [32m+[0m[0m namespace        = "chatapp"
          [32m+[0m[0m resource_version = (known after apply)
          [32m+[0m[0m uid              = (known after apply)
        }

      [32m+[0m[0m spec {
          [32m+[0m[0m hard = {
              [32m+[0m[0m "limits.cpu"      = "8"
              [32m+[0m[0m "limits.memory"   = "8Gi"
              [32m+[0m[0m "pods"            = "20"
              [32m+[0m[0m "requests.cpu"    = "4"
              [32m+[0m[0m "requests.memory" = "4Gi"
            }
        }
    }

[1m  # kubernetes_secret.rds_ca_cert[0m will be created
[0m  [32m+[0m[0m resource "kubernetes_secret" "rds_ca_cert" {
      [32m+[0m[0m binary_data_wo                 = (write-only attribute)
      [32m+[0m[0m data                           = (sensitive value)
      [32m+[0m[0m data_wo                        = (write-only attribute)
      [32m+[0m[0m id                             = (known after apply)
      [32m+[0m[0m type                           = "Opaque"
      [32m+[0m[0m wait_for_service_account_token = true

      [32m+[0m[0m metadata {
          [32m+[0m[0m generation       = (known after apply)
          [32m+[0m[0m name             = "rds-ca-cert"
          [32m+[0m[0m namespace        = "chatapp"
          [32m+[0m[0m resource_version = (known after apply)
          [32m+[0m[0m uid              = (known after apply)
        }
    }

[1m  # kubernetes_service_account.alb_controller[0m will be created
[0m  [32m+[0m[0m resource "kubernetes_service_account" "alb_controller" {
      [32m+[0m[0m automount_service_account_token = true
      [32m+[0m[0m default_secret_name             = (known after apply)
      [32m+[0m[0m id                              = (known after apply)

      [32m+[0m[0m metadata {
          [32m+[0m[0m annotations      = (known after apply)
          [32m+[0m[0m generation       = (known after apply)
          [32m+[0m[0m name             = "aws-load-balancer-controller"
          [32m+[0m[0m namespace        = "kube-system"
          [32m+[0m[0m resource_version = (known after apply)
          [32m+[0m[0m uid              = (known after apply)
        }
    }

[1m  # kubernetes_service_account.chatapp[0m will be created
[0m  [32m+[0m[0m resource "kubernetes_service_account" "chatapp" {
      [32m+[0m[0m automount_service_account_token = true
      [32m+[0m[0m default_secret_name             = (known after apply)
      [32m+[0m[0m id                              = (known after apply)

      [32m+[0m[0m metadata {
          [32m+[0m[0m annotations      = (known after apply)
          [32m+[0m[0m generation       = (known after apply)
          [32m+[0m[0m name             = "chatapp"
          [32m+[0m[0m namespace        = "chatapp"
          [32m+[0m[0m resource_version = (known after apply)
          [32m+[0m[0m uid              = (known after apply)
        }
    }

[1m  # kubernetes_service_account.cluster_autoscaler[0m will be created
[0m  [32m+[0m[0m resource "kubernetes_service_account" "cluster_autoscaler" {
      [32m+[0m[0m automount_service_account_token = true
      [32m+[0m[0m default_secret_name             = (known after apply)
      [32m+[0m[0m id                              = (known after apply)

      [32m+[0m[0m metadata {
          [32m+[0m[0m annotations      = (known after apply)
          [32m+[0m[0m generation       = (known after apply)
          [32m+[0m[0m name             = "cluster-autoscaler"
          [32m+[0m[0m namespace        = "kube-system"
          [32m+[0m[0m resource_version = (known after apply)
          [32m+[0m[0m uid              = (known after apply)
        }
    }

[1m  # kubernetes_service_account.external_secrets[0m will be created
[0m  [32m+[0m[0m resource "kubernetes_service_account" "external_secrets" {
      [32m+[0m[0m automount_service_account_token = true
      [32m+[0m[0m default_secret_name             = (known after apply)
      [32m+[0m[0m id                              = (known after apply)

      [32m+[0m[0m metadata {
          [32m+[0m[0m annotations      = (known after apply)
          [32m+[0m[0m generation       = (known after apply)
          [32m+[0m[0m name             = "external-secrets"
          [32m+[0m[0m namespace        = "external-secrets"
          [32m+[0m[0m resource_version = (known after apply)
          [32m+[0m[0m uid              = (known after apply)
        }
    }

[1m  # local_file.helm_values_infra[0m will be created
[0m  [32m+[0m[0m resource "local_file" "helm_values_infra" {
      [32m+[0m[0m content              = (known after apply)
      [32m+[0m[0m content_base64sha256 = (known after apply)
      [32m+[0m[0m content_base64sha512 = (known after apply)
      [32m+[0m[0m content_md5          = (known after apply)
      [32m+[0m[0m content_sha1         = (known after apply)
      [32m+[0m[0m content_sha256       = (known after apply)
      [32m+[0m[0m content_sha512       = (known after apply)
      [32m+[0m[0m directory_permission = "0777"
      [32m+[0m[0m file_permission      = "0600"
      [32m+[0m[0m filename             = "./../awschatapp-platform/values-prod-infra.yaml"
      [32m+[0m[0m id                   = (known after apply)
    }

[1m  # local_file.helm_values_secrets[0m will be created
[0m  [32m+[0m[0m resource "local_file" "helm_values_secrets" {
      [32m+[0m[0m content              = (sensitive value)
      [32m+[0m[0m content_base64sha256 = (known after apply)
      [32m+[0m[0m content_base64sha512 = (known after apply)
      [32m+[0m[0m content_md5          = (known after apply)
      [32m+[0m[0m content_sha1         = (known after apply)
      [32m+[0m[0m content_sha256       = (known after apply)
      [32m+[0m[0m content_sha512       = (known after apply)
      [32m+[0m[0m directory_permission = "0777"
      [32m+[0m[0m file_permission      = "0600"
      [32m+[0m[0m filename             = "./../awschatapp-platform/values-prod-secrets.yaml"
      [32m+[0m[0m id                   = (known after apply)
    }

[1m  # random_password.db[0m will be created
[0m  [32m+[0m[0m resource "random_password" "db" {
      [32m+[0m[0m bcrypt_hash = (sensitive value)
      [32m+[0m[0m id          = (known after apply)
      [32m+[0m[0m length      = 32
      [32m+[0m[0m lower       = true
      [32m+[0m[0m min_lower   = 0
      [32m+[0m[0m min_numeric = 0
      [32m+[0m[0m min_special = 0
      [32m+[0m[0m min_upper   = 0
      [32m+[0m[0m number      = true
      [32m+[0m[0m numeric     = true
      [32m+[0m[0m result      = (sensitive value)
      [32m+[0m[0m special     = false
      [32m+[0m[0m upper       = true
    }

[1m  # random_password.redis_auth_token[0m will be created
[0m  [32m+[0m[0m resource "random_password" "redis_auth_token" {
      [32m+[0m[0m bcrypt_hash = (sensitive value)
      [32m+[0m[0m id          = (known after apply)
      [32m+[0m[0m length      = 32
      [32m+[0m[0m lower       = true
      [32m+[0m[0m min_lower   = 0
      [32m+[0m[0m min_numeric = 0
      [32m+[0m[0m min_special = 0
      [32m+[0m[0m min_upper   = 0
      [32m+[0m[0m number      = true
      [32m+[0m[0m numeric     = true
      [32m+[0m[0m result      = (sensitive value)
      [32m+[0m[0m special     = false
      [32m+[0m[0m upper       = true
    }

[1m  # module.acm.aws_acm_certificate.this[0m will be created
[0m  [32m+[0m[0m resource "aws_acm_certificate" "this" {
      [32m+[0m[0m arn                       = (known after apply)
      [32m+[0m[0m domain_name               = "chat.deeptechexpertconsulting.com"
      [32m+[0m[0m domain_validation_options = [
          [32m+[0m[0m {
              [32m+[0m[0m domain_name           = "chat.deeptechexpertconsulting.com"
              [32m+[0m[0m resource_record_name  = (known after apply)
              [32m+[0m[0m resource_record_type  = (known after apply)
              [32m+[0m[0m resource_record_value = (known after apply)
            },
          [32m+[0m[0m {
              [32m+[0m[0m domain_name           = "www.chat.deeptechexpertconsulting.com"
              [32m+[0m[0m resource_record_name  = (known after apply)
              [32m+[0m[0m resource_record_type  = (known after apply)
              [32m+[0m[0m resource_record_value = (known after apply)
            },
        ]
      [32m+[0m[0m id                        = (known after apply)
      [32m+[0m[0m key_algorithm             = (known after apply)
      [32m+[0m[0m not_after                 = (known after apply)
      [32m+[0m[0m not_before                = (known after apply)
      [32m+[0m[0m pending_renewal           = (known after apply)
      [32m+[0m[0m renewal_eligibility       = (known after apply)
      [32m+[0m[0m renewal_summary           = (known after apply)
      [32m+[0m[0m status                    = (known after apply)
      [32m+[0m[0m subject_alternative_names = [
          [32m+[0m[0m "chat.deeptechexpertconsulting.com",
          [32m+[0m[0m "www.chat.deeptechexpertconsulting.com",
        ]
      [32m+[0m[0m tags                      = {
          [32m+[0m[0m "Name" = "chat.deeptechexpertconsulting.com"
        }
      [32m+[0m[0m tags_all                  = {
          [32m+[0m[0m "Environment" = "prod"
          [32m+[0m[0m "ManagedBy"   = "terraform"
          [32m+[0m[0m "Name"        = "chat.deeptechexpertconsulting.com"
          [32m+[0m[0m "Project"     = "chatapp"
        }
      [32m+[0m[0m type                      = (known after apply)
      [32m+[0m[0m validation_emails         = (known after apply)
      [32m+[0m[0m validation_method         = "DNS"

      [32m+[0m[0m options (known after apply)
    }

[1m  # module.acm.aws_acm_certificate_validation.this[0m will be created
[0m  [32m+[0m[0m resource "aws_acm_certificate_validation" "this" {
      [32m+[0m[0m certificate_arn         = (known after apply)
      [32m+[0m[0m id                      = (known after apply)
      [32m+[0m[0m validation_record_fqdns = (known after apply)
    }

[1m  # module.acm.aws_route53_record.cert_validation["chat.deeptechexpertconsulting.com"][0m will be created
[0m  [32m+[0m[0m resource "aws_route53_record" "cert_validation" {
      [32m+[0m[0m allow_overwrite = true
      [32m+[0m[0m fqdn            = (known after apply)
      [32m+[0m[0m id              = (known after apply)
      [32m+[0m[0m name            = (known after apply)
      [32m+[0m[0m records         = (known after apply)
      [32m+[0m[0m ttl             = 60
      [32m+[0m[0m type            = (known after apply)
      [32m+[0m[0m zone_id         = "Z00059733M4NJCLBQJPRL"
    }

[1m  # module.acm.aws_route53_record.cert_validation["www.chat.deeptechexpertconsulting.com"][0m will be created
[0m  [32m+[0m[0m resource "aws_route53_record" "cert_validation" {
      [32m+[0m[0m allow_overwrite = true
      [32m+[0m[0m fqdn            = (known after apply)
      [32m+[0m[0m id              = (known after apply)
      [32m+[0m[0m name            = (known after apply)
      [32m+[0m[0m records         = (known after apply)
      [32m+[0m[0m ttl             = 60
      [32m+[0m[0m type            = (known after apply)
      [32m+[0m[0m zone_id         = "Z00059733M4NJCLBQJPRL"
    }

[1m  # module.eks.data.tls_certificate.eks[0m will be read during apply
  # (config refers to values not yet known)
[0m [36m<=[0m[0m data "tls_certificate" "eks" {
      [32m+[0m[0m certificates = (known after apply)
      [32m+[0m[0m id           = (known after apply)
      [32m+[0m[0m url          = (known after apply)
    }

[1m  # module.eks.aws_cloudwatch_log_group.eks[0m will be created
[0m  [32m+[0m[0m resource "aws_cloudwatch_log_group" "eks" {
      [32m+[0m[0m arn               = (known after apply)
      [32m+[0m[0m id                = (known after apply)
      [32m+[0m[0m log_group_class   = (known after apply)
      [32m+[0m[0m name              = "/aws/eks/chatapp-prod-cluster/cluster"
      [32m+[0m[0m name_prefix       = (known after apply)
      [32m+[0m[0m retention_in_days = 30
      [32m+[0m[0m skip_destroy      = false
      [32m+[0m[0m tags_all          = {
          [32m+[0m[0m "Environment" = "prod"
          [32m+[0m[0m "ManagedBy"   = "terraform"
          [32m+[0m[0m "Project"     = "chatapp"
        }
    }

[1m  # module.eks.aws_eks_addon.coredns[0m will be created
[0m  [32m+[0m[0m resource "aws_eks_addon" "coredns" {
      [32m+[0m[0m addon_name                  = "coredns"
      [32m+[0m[0m addon_version               = "v1.11.3-eksbuild.1"
      [32m+[0m[0m arn                         = (known after apply)
      [32m+[0m[0m cluster_name                = "chatapp-prod-cluster"
      [32m+[0m[0m configuration_values        = (known after apply)
      [32m+[0m[0m created_at                  = (known after apply)
      [32m+[0m[0m id                          = (known after apply)
      [32m+[0m[0m modified_at                 = (known after apply)
      [32m+[0m[0m resolve_conflicts_on_update = "OVERWRITE"
      [32m+[0m[0m tags_all                    = {
          [32m+[0m[0m "Environment" = "prod"
          [32m+[0m[0m "ManagedBy"   = "terraform"
          [32m+[0m[0m "Project"     = "chatapp"
        }
    }

[1m  # module.eks.aws_eks_addon.kube_proxy[0m will be created
[0m  [32m+[0m[0m resource "aws_eks_addon" "kube_proxy" {
      [32m+[0m[0m addon_name                  = "kube-proxy"
      [32m+[0m[0m addon_version               = "v1.31.2-eksbuild.3"
      [32m+[0m[0m arn                         = (known after apply)
      [32m+[0m[0m cluster_name                = "chatapp-prod-cluster"
      [32m+[0m[0m configuration_values        = (known after apply)
      [32m+[0m[0m created_at                  = (known after apply)
      [32m+[0m[0m id                          = (known after apply)
      [32m+[0m[0m modified_at                 = (known after apply)
      [32m+[0m[0m resolve_conflicts_on_update = "OVERWRITE"
      [32m+[0m[0m tags_all                    = {
          [32m+[0m[0m "Environment" = "prod"
          [32m+[0m[0m "ManagedBy"   = "terraform"
          [32m+[0m[0m "Project"     = "chatapp"
        }
    }

[1m  # module.eks.aws_eks_addon.pod_identity[0m will be created
[0m  [32m+[0m[0m resource "aws_eks_addon" "pod_identity" {
      [32m+[0m[0m addon_name                  = "eks-pod-identity-agent"
      [32m+[0m[0m addon_version               = "v1.3.4-eksbuild.1"
      [32m+[0m[0m arn                         = (known after apply)
      [32m+[0m[0m cluster_name                = "chatapp-prod-cluster"
      [32m+[0m[0m configuration_values        = (known after apply)
      [32m+[0m[0m created_at                  = (known after apply)
      [32m+[0m[0m id                          = (known after apply)
      [32m+[0m[0m modified_at                 = (known after apply)
      [32m+[0m[0m resolve_conflicts_on_update = "OVERWRITE"
      [32m+[0m[0m tags_all                    = {
          [32m+[0m[0m "Environment" = "prod"
          [32m+[0m[0m "ManagedBy"   = "terraform"
          [32m+[0m[0m "Project"     = "chatapp"
        }
    }

[1m  # module.eks.aws_eks_addon.vpc_cni[0m will be created
[0m  [32m+[0m[0m resource "aws_eks_addon" "vpc_cni" {
      [32m+[0m[0m addon_name                  = "vpc-cni"
      [32m+[0m[0m addon_version               = "v1.18.1-eksbuild.3"
      [32m+[0m[0m arn                         = (known after apply)
      [32m+[0m[0m cluster_name                = "chatapp-prod-cluster"
      [32m+[0m[0m configuration_values        = (known after apply)
      [32m+[0m[0m created_at                  = (known after apply)
      [32m+[0m[0m id                          = (known after apply)
      [32m+[0m[0m modified_at                 = (known after apply)
      [32m+[0m[0m resolve_conflicts_on_update = "OVERWRITE"
      [32m+[0m[0m tags_all                    = {
          [32m+[0m[0m "Environment" = "prod"
          [32m+[0m[0m "ManagedBy"   = "terraform"
          [32m+[0m[0m "Project"     = "chatapp"
        }
    }

[1m  # module.eks.aws_eks_cluster.this[0m will be created
[0m  [32m+[0m[0m resource "aws_eks_cluster" "this" {
      [32m+[0m[0m arn                           = (known after apply)
      [32m+[0m[0m bootstrap_self_managed_addons = true
      [32m+[0m[0m certificate_authority         = (known after apply)
      [32m+[0m[0m cluster_id                    = (known after apply)
      [32m+[0m[0m created_at                    = (known after apply)
      [32m+[0m[0m enabled_cluster_log_types     = [
          [32m+[0m[0m "api",
          [32m+[0m[0m "audit",
          [32m+[0m[0m "authenticator",
          [32m+[0m[0m "controllerManager",
          [32m+[0m[0m "scheduler",
        ]
      [32m+[0m[0m endpoint                      = (known after apply)
      [32m+[0m[0m id                            = (known after apply)
      [32m+[0m[0m identity                      = (known after apply)
      [32m+[0m[0m name                          = "chatapp-prod-cluster"
      [32m+[0m[0m platform_version              = (known after apply)
      [32m+[0m[0m role_arn                      = "arn:aws:iam::866317130608:role/chatapp-prod-eks-cluster-role"
      [32m+[0m[0m status                        = (known after apply)
      [32m+[0m[0m tags_all                      = {
          [32m+[0m[0m "Environment" = "prod"
          [32m+[0m[0m "ManagedBy"   = "terraform"
          [32m+[0m[0m "Project"     = "chatapp"
        }
      [32m+[0m[0m version                       = "1.31"

      [32m+[0m[0m access_config (known after apply)

      [32m+[0m[0m encryption_config {
          [32m+[0m[0m resources = [
              [32m+[0m[0m "secrets",
            ]

          [32m+[0m[0m provider {
              [32m+[0m[0m key_arn = "arn:aws:kms:us-east-1:866317130608:key/1da0acac-6856-4c75-a15c-5f5b56753b51"
            }
        }

      [32m+[0m[0m kubernetes_network_config (known after apply)

      [32m+[0m[0m upgrade_policy (known after apply)

      [32m+[0m[0m vpc_config {
          [32m+[0m[0m cluster_security_group_id = (known after apply)
          [32m+[0m[0m endpoint_private_access   = true
          [32m+[0m[0m endpoint_public_access    = true
          [32m+[0m[0m public_access_cidrs       = [
              [32m+[0m[0m "24.131.137.136/32",
            ]
          [32m+[0m[0m security_group_ids        = [
              [32m+[0m[0m "sg-0d1226b1743f42bf6",
            ]
          [32m+[0m[0m subnet_ids                = [
              [32m+[0m[0m "subnet-01027afaca18214fa",
              [32m+[0m[0m "subnet-07812a1ed90988455",
            ]
          [32m+[0m[0m vpc_id                    = (known after apply)
        }
    }

[1m  # module.eks.aws_eks_node_group.app[0m will be created
[0m  [32m+[0m[0m resource "aws_eks_node_group" "app" {
      [32m+[0m[0m ami_type               = (known after apply)
      [32m+[0m[0m arn                    = (known after apply)
      [32m+[0m[0m capacity_type          = (known after apply)
      [32m+[0m[0m cluster_name           = "chatapp-prod-cluster"
      [32m+[0m[0m disk_size              = (known after apply)
      [32m+[0m[0m force_update_version   = false
      [32m+[0m[0m id                     = (known after apply)
      [32m+[0m[0m instance_types         = [
          [32m+[0m[0m "t3.medium",
        ]
      [32m+[0m[0m labels                 = {
          [32m+[0m[0m "role" = "app"
        }
      [32m+[0m[0m node_group_name        = "chatapp-prod-app-nodes"
      [32m+[0m[0m node_group_name_prefix = (known after apply)
      [32m+[0m[0m node_role_arn          = "arn:aws:iam::866317130608:role/chatapp-prod-eks-node-role"
      [32m+[0m[0m release_version        = (known after apply)
      [32m+[0m[0m resources              = (known after apply)
      [32m+[0m[0m status                 = (known after apply)
      [32m+[0m[0m subnet_ids             = [
          [32m+[0m[0m "subnet-01027afaca18214fa",
          [32m+[0m[0m "subnet-07812a1ed90988455",
        ]
      [32m+[0m[0m tags                   = {
          [32m+[0m[0m "Name"                                           = "chatapp-prod-app-nodes"
          [32m+[0m[0m "k8s.io/cluster-autoscaler/chatapp-prod-cluster" = "owned"
          [32m+[0m[0m "k8s.io/cluster-autoscaler/enabled"              = "true"
        }
      [32m+[0m[0m tags_all               = {
          [32m+[0m[0m "Environment"                                    = "prod"
          [32m+[0m[0m "ManagedBy"                                      = "terraform"
          [32m+[0m[0m "Name"                                           = "chatapp-prod-app-nodes"
          [32m+[0m[0m "Project"                                        = "chatapp"
          [32m+[0m[0m "k8s.io/cluster-autoscaler/chatapp-prod-cluster" = "owned"
          [32m+[0m[0m "k8s.io/cluster-autoscaler/enabled"              = "true"
        }
      [32m+[0m[0m version                = (known after apply)

      [32m+[0m[0m node_repair_config (known after apply)

      [32m+[0m[0m scaling_config {
          [32m+[0m[0m desired_size = 2
          [32m+[0m[0m max_size     = 10
          [32m+[0m[0m min_size     = 2
        }

      [32m+[0m[0m update_config {
          [32m+[0m[0m max_unavailable = 1
        }
    }

[1m  # module.eks.aws_iam_openid_connect_provider.eks[0m will be created
[0m  [32m+[0m[0m resource "aws_iam_openid_connect_provider" "eks" {
      [32m+[0m[0m arn             = (known after apply)
      [32m+[0m[0m client_id_list  = [
          [32m+[0m[0m "sts.amazonaws.com",
        ]
      [32m+[0m[0m id              = (known after apply)
      [32m+[0m[0m tags_all        = {
          [32m+[0m[0m "Environment" = "prod"
          [32m+[0m[0m "ManagedBy"   = "terraform"
          [32m+[0m[0m "Project"     = "chatapp"
        }
      [32m+[0m[0m thumbprint_list = (known after apply)
      [32m+[0m[0m url             = (known after apply)
    }

[1m  # module.elasticache.aws_elasticache_parameter_group.this[0m will be created
[0m  [32m+[0m[0m resource "aws_elasticache_parameter_group" "this" {
      [32m+[0m[0m arn         = (known after apply)
      [32m+[0m[0m description = "Managed by Terraform"
      [32m+[0m[0m family      = "redis7"
      [32m+[0m[0m id          = (known after apply)
      [32m+[0m[0m name        = "chatapp-prod-redis7-pg"
      [32m+[0m[0m tags_all    = {
          [32m+[0m[0m "Environment" = "prod"
          [32m+[0m[0m "ManagedBy"   = "terraform"
          [32m+[0m[0m "Project"     = "chatapp"
        }

      [32m+[0m[0m parameter {
          [32m+[0m[0m name  = "maxmemory-policy"
          [32m+[0m[0m value = "allkeys-lru"
        }
    }

[1m  # module.elasticache.aws_elasticache_replication_group.this[0m will be created
[0m  [32m+[0m[0m resource "aws_elasticache_replication_group" "this" {
      [32m+[0m[0m apply_immediately              = false
      [32m+[0m[0m arn                            = (known after apply)
      [32m+[0m[0m at_rest_encryption_enabled     = "true"
      [32m+[0m[0m auth_token                     = (sensitive value)
      [32m+[0m[0m auth_token_update_strategy     = "ROTATE"
      [32m+[0m[0m auto_minor_version_upgrade     = "true"
      [32m+[0m[0m automatic_failover_enabled     = true
      [32m+[0m[0m cluster_enabled                = (known after apply)
      [32m+[0m[0m cluster_mode                   = (known after apply)
      [32m+[0m[0m configuration_endpoint_address = (known after apply)
      [32m+[0m[0m data_tiering_enabled           = (known after apply)
      [32m+[0m[0m description                    = "chatapp-prod Redis cluster"
      [32m+[0m[0m engine                         = "redis"
      [32m+[0m[0m engine_version                 = "7.1"
      [32m+[0m[0m engine_version_actual          = (known after apply)
      [32m+[0m[0m global_replication_group_id    = (known after apply)
      [32m+[0m[0m id                             = (known after apply)
      [32m+[0m[0m ip_discovery                   = (known after apply)
      [32m+[0m[0m kms_key_id                     = "arn:aws:kms:us-east-1:866317130608:key/fdb42f14-0470-447b-b058-11939ddf0ba5"
      [32m+[0m[0m maintenance_window             = "sun:06:00-sun:07:00"
      [32m+[0m[0m member_clusters                = (known after apply)
      [32m+[0m[0m multi_az_enabled               = true
      [32m+[0m[0m network_type                   = (known after apply)
      [32m+[0m[0m node_type                      = "cache.t4g.small"
      [32m+[0m[0m num_cache_clusters             = 2
      [32m+[0m[0m num_node_groups                = (known after apply)
      [32m+[0m[0m parameter_group_name           = "chatapp-prod-redis7-pg"
      [32m+[0m[0m port                           = 6379
      [32m+[0m[0m preferred_cache_cluster_azs    = [
          [32m+[0m[0m "us-east-1a",
          [32m+[0m[0m "us-east-1b",
        ]
      [32m+[0m[0m primary_endpoint_address       = (known after apply)
      [32m+[0m[0m reader_endpoint_address        = (known after apply)
      [32m+[0m[0m replicas_per_node_group        = (known after apply)
      [32m+[0m[0m replication_group_id           = "chatapp-prod-redis"
      [32m+[0m[0m security_group_ids             = [
          [32m+[0m[0m "sg-036ef300b8b3f2d25",
        ]
      [32m+[0m[0m security_group_names           = (known after apply)
      [32m+[0m[0m snapshot_retention_limit       = 30
      [32m+[0m[0m snapshot_window                = "04:00-05:00"
      [32m+[0m[0m subnet_group_name              = "chatapp-prod-redis-subnet-group"
      [32m+[0m[0m tags                           = {
          [32m+[0m[0m "Name" = "chatapp-prod-redis"
        }
      [32m+[0m[0m tags_all                       = {
          [32m+[0m[0m "Environment" = "prod"
          [32m+[0m[0m "ManagedBy"   = "terraform"
          [32m+[0m[0m "Name"        = "chatapp-prod-redis"
          [32m+[0m[0m "Project"     = "chatapp"
        }
      [32m+[0m[0m transit_encryption_enabled     = true
      [32m+[0m[0m transit_encryption_mode        = (known after apply)
    }

[1m  # module.elasticache.aws_elasticache_subnet_group.this[0m will be created
[0m  [32m+[0m[0m resource "aws_elasticache_subnet_group" "this" {
      [32m+[0m[0m arn         = (known after apply)
      [32m+[0m[0m description = "ElastiCache Redis subnet group"
      [32m+[0m[0m id          = (known after apply)
      [32m+[0m[0m name        = "chatapp-prod-redis-subnet-group"
      [32m+[0m[0m subnet_ids  = [
          [32m+[0m[0m "subnet-061d7861a5a893e9c",
          [32m+[0m[0m "subnet-0e5489d4f3adc80fb",
        ]
      [32m+[0m[0m tags        = {
          [32m+[0m[0m "Name" = "chatapp-prod-redis-subnet-group"
        }
      [32m+[0m[0m tags_all    = {
          [32m+[0m[0m "Environment" = "prod"
          [32m+[0m[0m "ManagedBy"   = "terraform"
          [32m+[0m[0m "Name"        = "chatapp-prod-redis-subnet-group"
          [32m+[0m[0m "Project"     = "chatapp"
        }
      [32m+[0m[0m vpc_id      = (known after apply)
    }

[1m  # module.iam.data.aws_iam_policy_document.alb_controller_trust[0m will be read during apply
  # (config refers to values not yet known)
[0m [36m<=[0m[0m data "aws_iam_policy_document" "alb_controller_trust" {
      [32m+[0m[0m id            = (known after apply)
      [32m+[0m[0m json          = (known after apply)
      [32m+[0m[0m minified_json = (known after apply)

      [32m+[0m[0m statement {
          [32m+[0m[0m actions = [
              [32m+[0m[0m "sts:AssumeRoleWithWebIdentity",
            ]
          [32m+[0m[0m effect  = "Allow"

          [32m+[0m[0m condition {
              [32m+[0m[0m test     = "StringEquals"
              [32m+[0m[0m values   = [
                  [32m+[0m[0m "sts.amazonaws.com",
                ]
              [32m+[0m[0m variable = (known after apply)
            }
          [32m+[0m[0m condition {
              [32m+[0m[0m test     = "StringEquals"
              [32m+[0m[0m values   = [
                  [32m+[0m[0m "system:serviceaccount:kube-system:aws-load-balancer-controller",
                ]
              [32m+[0m[0m variable = (known after apply)
            }

          [32m+[0m[0m principals {
              [32m+[0m[0m identifiers = [
                  [32m+[0m[0m (known after apply),
                ]
              [32m+[0m[0m type        = "Federated"
            }
        }
    }

[1m  # module.iam.data.aws_iam_policy_document.chatapp_trust[0m will be read during apply
  # (config refers to values not yet known)
[0m [36m<=[0m[0m data "aws_iam_policy_document" "chatapp_trust" {
      [32m+[0m[0m id            = (known after apply)
      [32m+[0m[0m json          = (known after apply)
      [32m+[0m[0m minified_json = (known after apply)

      [32m+[0m[0m statement {
          [32m+[0m[0m actions = [
              [32m+[0m[0m "sts:AssumeRoleWithWebIdentity",
            ]
          [32m+[0m[0m effect  = "Allow"

          [32m+[0m[0m condition {
              [32m+[0m[0m test     = "StringEquals"
              [32m+[0m[0m values   = [
                  [32m+[0m[0m "sts.amazonaws.com",
                ]
              [32m+[0m[0m variable = (known after apply)
            }
          [32m+[0m[0m condition {
              [32m+[0m[0m test     = "StringEquals"
              [32m+[0m[0m values   = [
                  [32m+[0m[0m "system:serviceaccount:chatapp:chatapp",
                ]
              [32m+[0m[0m variable = (known after apply)
            }

          [32m+[0m[0m principals {
              [32m+[0m[0m identifiers = [
                  [32m+[0m[0m (known after apply),
                ]
              [32m+[0m[0m type        = "Federated"
            }
        }
    }

[1m  # module.iam.data.aws_iam_policy_document.cluster_autoscaler_trust[0m will be read during apply
  # (config refers to values not yet known)
[0m [36m<=[0m[0m data "aws_iam_policy_document" "cluster_autoscaler_trust" {
      [32m+[0m[0m id            = (known after apply)
      [32m+[0m[0m json          = (known after apply)
      [32m+[0m[0m minified_json = (known after apply)

      [32m+[0m[0m statement {
          [32m+[0m[0m actions = [
              [32m+[0m[0m "sts:AssumeRoleWithWebIdentity",
            ]
          [32m+[0m[0m effect  = "Allow"

          [32m+[0m[0m condition {
              [32m+[0m[0m test     = "StringEquals"
              [32m+[0m[0m values   = [
                  [32m+[0m[0m "sts.amazonaws.com",
                ]
              [32m+[0m[0m variable = (known after apply)
            }
          [32m+[0m[0m condition {
              [32m+[0m[0m test     = "StringEquals"
              [32m+[0m[0m values   = [
                  [32m+[0m[0m "system:serviceaccount:kube-system:cluster-autoscaler",
                ]
              [32m+[0m[0m variable = (known after apply)
            }

          [32m+[0m[0m principals {
              [32m+[0m[0m identifiers = [
                  [32m+[0m[0m (known after apply),
                ]
              [32m+[0m[0m type        = "Federated"
            }
        }
    }

[1m  # module.iam.data.aws_iam_policy_document.external_secrets_trust[0m will be read during apply
  # (config refers to values not yet known)
[0m [36m<=[0m[0m data "aws_iam_policy_document" "external_secrets_trust" {
      [32m+[0m[0m id            = (known after apply)
      [32m+[0m[0m json          = (known after apply)
      [32m+[0m[0m minified_json = (known after apply)

      [32m+[0m[0m statement {
          [32m+[0m[0m actions = [
              [32m+[0m[0m "sts:AssumeRoleWithWebIdentity",
            ]
          [32m+[0m[0m effect  = "Allow"

          [32m+[0m[0m condition {
              [32m+[0m[0m test     = "StringEquals"
              [32m+[0m[0m values   = [
                  [32m+[0m[0m "sts.amazonaws.com",
                ]
              [32m+[0m[0m variable = (known after apply)
            }
          [32m+[0m[0m condition {
              [32m+[0m[0m test     = "StringEquals"
              [32m+[0m[0m values   = [
                  [32m+[0m[0m "system:serviceaccount:external-secrets:external-secrets",
                ]
              [32m+[0m[0m variable = (known after apply)
            }

          [32m+[0m[0m principals {
              [32m+[0m[0m identifiers = [
                  [32m+[0m[0m (known after apply),
                ]
              [32m+[0m[0m type        = "Federated"
            }
        }
    }

[1m  # module.iam.aws_iam_policy.alb_controller[0m will be created
[0m  [32m+[0m[0m resource "aws_iam_policy" "alb_controller" {
      [32m+[0m[0m arn              = (known after apply)
      [32m+[0m[0m attachment_count = (known after apply)
      [32m+[0m[0m id               = (known after apply)
      [32m+[0m[0m name             = "chatapp-prod-alb-controller-policy"
      [32m+[0m[0m name_prefix      = (known after apply)
      [32m+[0m[0m path             = "/"
      [32m+[0m[0m policy           = jsonencode(
            {
              [32m+[0m[0m Statement = [
                  [32m+[0m[0m {
                      [32m+[0m[0m Action    = [
                          [32m+[0m[0m "iam:CreateServiceLinkedRole",
                        ]
                      [32m+[0m[0m Condition = {
                          [32m+[0m[0m StringEquals = {
                              [32m+[0m[0m "iam:AWSServiceName" = "elasticloadbalancing.amazonaws.com"
                            }
                        }
                      [32m+[0m[0m Effect    = "Allow"
                      [32m+[0m[0m Resource  = "*"
                    },
                  [32m+[0m[0m {
                      [32m+[0m[0m Action   = [
                          [32m+[0m[0m "ec2:DescribeAccountAttributes",
                          [32m+[0m[0m "ec2:DescribeAddresses",
                          [32m+[0m[0m "ec2:DescribeAvailabilityZones",
                          [32m+[0m[0m "ec2:DescribeInternetGateways",
                          [32m+[0m[0m "ec2:DescribeVpcs",
                          [32m+[0m[0m "ec2:DescribeVpcPeeringConnections",
                          [32m+[0m[0m "ec2:DescribeSubnets",
                          [32m+[0m[0m "ec2:DescribeSecurityGroups",
                          [32m+[0m[0m "ec2:DescribeInstances",
                          [32m+[0m[0m "ec2:DescribeNetworkInterfaces",
                          [32m+[0m[0m "ec2:DescribeTags",
                          [32m+[0m[0m "ec2:GetCoipPoolUsage",
                          [32m+[0m[0m "ec2:DescribeCoipPools",
                          [32m+[0m[0m "ec2:GetSecurityGroupsForVpc",
                          [32m+[0m[0m "ec2:DescribeIpamPools",
                          [32m+[0m[0m "ec2:DescribeRouteTables",
                          [32m+[0m[0m "elasticloadbalancing:DescribeLoadBalancers",
                          [32m+[0m[0m "elasticloadbalancing:DescribeLoadBalancerAttributes",
                          [32m+[0m[0m "elasticloadbalancing:DescribeListeners",
                          [32m+[0m[0m "elasticloadbalancing:DescribeListenerCertificates",
                          [32m+[0m[0m "elasticloadbalancing:DescribeSSLPolicies",
                          [32m+[0m[0m "elasticloadbalancing:DescribeRules",
                          [32m+[0m[0m "elasticloadbalancing:DescribeTargetGroups",
                          [32m+[0m[0m "elasticloadbalancing:DescribeTargetGroupAttributes",
                          [32m+[0m[0m "elasticloadbalancing:DescribeTargetHealth",
                          [32m+[0m[0m "elasticloadbalancing:DescribeTags",
                          [32m+[0m[0m "elasticloadbalancing:DescribeTrustStores",
                          [32m+[0m[0m "elasticloadbalancing:DescribeListenerAttributes",
                          [32m+[0m[0m "elasticloadbalancing:DescribeCapacityReservation",
                        ]
                      [32m+[0m[0m Effect   = "Allow"
                      [32m+[0m[0m Resource = "*"
                    },
                  [32m+[0m[0m {
                      [32m+[0m[0m Action   = [
                          [32m+[0m[0m "cognito-idp:DescribeUserPoolClient",
                          [32m+[0m[0m "acm:ListCertificates",
                          [32m+[0m[0m "acm:DescribeCertificate",
                          [32m+[0m[0m "iam:ListServerCertificates",
                          [32m+[0m[0m "iam:GetServerCertificate",
                          [32m+[0m[0m "waf-regional:GetWebACL",
                          [32m+[0m[0m "waf-regional:GetWebACLForResource",
                          [32m+[0m[0m "waf-regional:AssociateWebACL",
                          [32m+[0m[0m "waf-regional:DisassociateWebACL",
                          [32m+[0m[0m "wafv2:GetWebACL",
                          [32m+[0m[0m "wafv2:GetWebACLForResource",
                          [32m+[0m[0m "wafv2:AssociateWebACL",
                          [32m+[0m[0m "wafv2:DisassociateWebACL",
                          [32m+[0m[0m "shield:GetSubscriptionState",
                          [32m+[0m[0m "shield:DescribeProtection",
                          [32m+[0m[0m "shield:CreateProtection",
                          [32m+[0m[0m "shield:DeleteProtection",
                        ]
                      [32m+[0m[0m Effect   = "Allow"
                      [32m+[0m[0m Resource = "*"
                    },
                  [32m+[0m[0m {
                      [32m+[0m[0m Action   = [
                          [32m+[0m[0m "ec2:AuthorizeSecurityGroupIngress",
                          [32m+[0m[0m "ec2:RevokeSecurityGroupIngress",
                        ]
                      [32m+[0m[0m Effect   = "Allow"
                      [32m+[0m[0m Resource = "*"
                    },
                  [32m+[0m[0m {
                      [32m+[0m[0m Action   = [
                          [32m+[0m[0m "ec2:CreateSecurityGroup",
                        ]
                      [32m+[0m[0m Effect   = "Allow"
                      [32m+[0m[0m Resource = "*"
                    },
                  [32m+[0m[0m {
                      [32m+[0m[0m Action    = [
                          [32m+[0m[0m "ec2:CreateTags",
                        ]
                      [32m+[0m[0m Condition = {
                          [32m+[0m[0m Null         = {
                              [32m+[0m[0m "aws:RequestTag/elbv2.k8s.aws/cluster" = "false"
                            }
                          [32m+[0m[0m StringEquals = {
                              [32m+[0m[0m "ec2:CreateAction" = "CreateSecurityGroup"
                            }
                        }
                      [32m+[0m[0m Effect    = "Allow"
                      [32m+[0m[0m Resource  = "arn:aws:ec2:*:*:security-group/*"
                    },
                  [32m+[0m[0m {
                      [32m+[0m[0m Action    = [
                          [32m+[0m[0m "ec2:CreateTags",
                          [32m+[0m[0m "ec2:DeleteTags",
                        ]
                      [32m+[0m[0m Condition = {
                          [32m+[0m[0m Null = {
                              [32m+[0m[0m "aws:RequestTag/elbv2.k8s.aws/cluster"  = "true"
                              [32m+[0m[0m "aws:ResourceTag/elbv2.k8s.aws/cluster" = "false"
                            }
                        }
                      [32m+[0m[0m Effect    = "Allow"
                      [32m+[0m[0m Resource  = "arn:aws:ec2:*:*:security-group/*"
                    },
                  [32m+[0m[0m {
                      [32m+[0m[0m Action    = [
                          [32m+[0m[0m "ec2:AuthorizeSecurityGroupIngress",
                          [32m+[0m[0m "ec2:RevokeSecurityGroupIngress",
                          [32m+[0m[0m "ec2:DeleteSecurityGroup",
                        ]
                      [32m+[0m[0m Condition = {
                          [32m+[0m[0m Null = {
                              [32m+[0m[0m "aws:ResourceTag/elbv2.k8s.aws/cluster" = "false"
                            }
                        }
                      [32m+[0m[0m Effect    = "Allow"
                      [32m+[0m[0m Resource  = "*"
                    },
                  [32m+[0m[0m {
                      [32m+[0m[0m Action    = [
                          [32m+[0m[0m "elasticloadbalancing:CreateLoadBalancer",
                          [32m+[0m[0m "elasticloadbalancing:CreateTargetGroup",
                        ]
                      [32m+[0m[0m Condition = {
                          [32m+[0m[0m Null = {
                              [32m+[0m[0m "aws:RequestTag/elbv2.k8s.aws/cluster" = "false"
                            }
                        }
                      [32m+[0m[0m Effect    = "Allow"
                      [32m+[0m[0m Resource  = "*"
                    },
                  [32m+[0m[0m {
                      [32m+[0m[0m Action   = [
                          [32m+[0m[0m "elasticloadbalancing:CreateListener",
                          [32m+[0m[0m "elasticloadbalancing:DeleteListener",
                          [32m+[0m[0m "elasticloadbalancing:CreateRule",
                          [32m+[0m[0m "elasticloadbalancing:DeleteRule",
                        ]
                      [32m+[0m[0m Effect   = "Allow"
                      [32m+[0m[0m Resource = "*"
                    },
                  [32m+[0m[0m {
                      [32m+[0m[0m Action    = [
                          [32m+[0m[0m "elasticloadbalancing:AddTags",
                          [32m+[0m[0m "elasticloadbalancing:RemoveTags",
                        ]
                      [32m+[0m[0m Condition = {
                          [32m+[0m[0m Null = {
                              [32m+[0m[0m "aws:RequestTag/elbv2.k8s.aws/cluster"  = "true"
                              [32m+[0m[0m "aws:ResourceTag/elbv2.k8s.aws/cluster" = "false"
                            }
                        }
                      [32m+[0m[0m Effect    = "Allow"
                      [32m+[0m[0m Resource  = [
                          [32m+[0m[0m "arn:aws:elasticloadbalancing:*:*:targetgroup/*/*",
                          [32m+[0m[0m "arn:aws:elasticloadbalancing:*:*:loadbalancer/net/*/*",
                          [32m+[0m[0m "arn:aws:elasticloadbalancing:*:*:loadbalancer/app/*/*",
                        ]
                    },
                  [32m+[0m[0m {
                      [32m+[0m[0m Action   = [
                          [32m+[0m[0m "elasticloadbalancing:AddTags",
                          [32m+[0m[0m "elasticloadbalancing:RemoveTags",
                        ]
                      [32m+[0m[0m Effect   = "Allow"
                      [32m+[0m[0m Resource = [
                          [32m+[0m[0m "arn:aws:elasticloadbalancing:*:*:listener/net/*/*/*",
                          [32m+[0m[0m "arn:aws:elasticloadbalancing:*:*:listener/app/*/*/*",
                          [32m+[0m[0m "arn:aws:elasticloadbalancing:*:*:listener-rule/net/*/*/*",
                          [32m+[0m[0m "arn:aws:elasticloadbalancing:*:*:listener-rule/app/*/*/*",
                        ]
                    },
                  [32m+[0m[0m {
                      [32m+[0m[0m Action    = [
                          [32m+[0m[0m "elasticloadbalancing:ModifyLoadBalancerAttributes",
                          [32m+[0m[0m "elasticloadbalancing:SetIpAddressType",
                          [32m+[0m[0m "elasticloadbalancing:SetSecurityGroups",
                          [32m+[0m[0m "elasticloadbalancing:SetSubnets",
                          [32m+[0m[0m "elasticloadbalancing:DeleteLoadBalancer",
                          [32m+[0m[0m "elasticloadbalancing:ModifyTargetGroup",
                          [32m+[0m[0m "elasticloadbalancing:ModifyTargetGroupAttributes",
                          [32m+[0m[0m "elasticloadbalancing:DeleteTargetGroup",
                          [32m+[0m[0m "elasticloadbalancing:ModifyListenerAttributes",
                          [32m+[0m[0m "elasticloadbalancing:ModifyCapacityReservation",
                          [32m+[0m[0m "elasticloadbalancing:ModifyIpPools",
                        ]
                      [32m+[0m[0m Condition = {
                          [32m+[0m[0m Null = {
                              [32m+[0m[0m "aws:ResourceTag/elbv2.k8s.aws/cluster" = "false"
                            }
                        }
                      [32m+[0m[0m Effect    = "Allow"
                      [32m+[0m[0m Resource  = "*"
                    },
                  [32m+[0m[0m {
                      [32m+[0m[0m Action    = [
                          [32m+[0m[0m "elasticloadbalancing:AddTags",
                        ]
                      [32m+[0m[0m Condition = {
                          [32m+[0m[0m Null         = {
                              [32m+[0m[0m "aws:RequestTag/elbv2.k8s.aws/cluster" = "false"
                            }
                          [32m+[0m[0m StringEquals = {
                              [32m+[0m[0m "elasticloadbalancing:CreateAction" = [
                                  [32m+[0m[0m "CreateTargetGroup",
                                  [32m+[0m[0m "CreateLoadBalancer",
                                ]
                            }
                        }
                      [32m+[0m[0m Effect    = "Allow"
                      [32m+[0m[0m Resource  = [
                          [32m+[0m[0m "arn:aws:elasticloadbalancing:*:*:targetgroup/*/*",
                          [32m+[0m[0m "arn:aws:elasticloadbalancing:*:*:loadbalancer/net/*/*",
                          [32m+[0m[0m "arn:aws:elasticloadbalancing:*:*:loadbalancer/app/*/*",
                        ]
                    },
                  [32m+[0m[0m {
                      [32m+[0m[0m Action   = [
                          [32m+[0m[0m "elasticloadbalancing:RegisterTargets",
                          [32m+[0m[0m "elasticloadbalancing:DeregisterTargets",
                        ]
                      [32m+[0m[0m Effect   = "Allow"
                      [32m+[0m[0m Resource = "arn:aws:elasticloadbalancing:*:*:targetgroup/*/*"
                    },
                  [32m+[0m[0m {
                      [32m+[0m[0m Action   = [
                          [32m+[0m[0m "elasticloadbalancing:SetWebAcl",
                          [32m+[0m[0m "elasticloadbalancing:ModifyListener",
                          [32m+[0m[0m "elasticloadbalancing:AddListenerCertificates",
                          [32m+[0m[0m "elasticloadbalancing:RemoveListenerCertificates",
                          [32m+[0m[0m "elasticloadbalancing:ModifyRule",
                          [32m+[0m[0m "elasticloadbalancing:SetRulePriorities",
                        ]
                      [32m+[0m[0m Effect   = "Allow"
                      [32m+[0m[0m Resource = "*"
                    },
                ]
              [32m+[0m[0m Version   = "2012-10-17"
            }
        )
      [32m+[0m[0m policy_id        = (known after apply)
      [32m+[0m[0m tags_all         = {
          [32m+[0m[0m "Environment" = "prod"
          [32m+[0m[0m "ManagedBy"   = "terraform"
          [32m+[0m[0m "Project"     = "chatapp"
        }
    }

[1m  # module.iam.aws_iam_policy.chatapp[0m will be created
[0m  [32m+[0m[0m resource "aws_iam_policy" "chatapp" {
      [32m+[0m[0m arn              = (known after apply)
      [32m+[0m[0m attachment_count = (known after apply)
      [32m+[0m[0m id               = (known after apply)
      [32m+[0m[0m name             = "chatapp-prod-chatapp-policy"
      [32m+[0m[0m name_prefix      = (known after apply)
      [32m+[0m[0m path             = "/"
      [32m+[0m[0m policy           = jsonencode(
            {
              [32m+[0m[0m Statement = [
                  [32m+[0m[0m {
                      [32m+[0m[0m Action   = [
                          [32m+[0m[0m "secretsmanager:GetSecretValue",
                          [32m+[0m[0m "secretsmanager:DescribeSecret",
                        ]
                      [32m+[0m[0m Effect   = "Allow"
                      [32m+[0m[0m Resource = "arn:aws:secretsmanager:*:866317130608:secret:chatapp/prod/*"
                    },
                  [32m+[0m[0m {
                      [32m+[0m[0m Action    = [
                          [32m+[0m[0m "cloudwatch:PutMetricData",
                        ]
                      [32m+[0m[0m Condition = {
                          [32m+[0m[0m StringEquals = {
                              [32m+[0m[0m "cloudwatch:namespace" = "chatapp/prod"
                            }
                        }
                      [32m+[0m[0m Effect    = "Allow"
                      [32m+[0m[0m Resource  = "*"
                    },
                ]
              [32m+[0m[0m Version   = "2012-10-17"
            }
        )
      [32m+[0m[0m policy_id        = (known after apply)
      [32m+[0m[0m tags_all         = {
          [32m+[0m[0m "Environment" = "prod"
          [32m+[0m[0m "ManagedBy"   = "terraform"
          [32m+[0m[0m "Project"     = "chatapp"
        }
    }

[1m  # module.iam.aws_iam_policy.cluster_autoscaler[0m will be created
[0m  [32m+[0m[0m resource "aws_iam_policy" "cluster_autoscaler" {
      [32m+[0m[0m arn              = (known after apply)
      [32m+[0m[0m attachment_count = (known after apply)
      [32m+[0m[0m id               = (known after apply)
      [32m+[0m[0m name             = "chatapp-prod-cluster-autoscaler-policy"
      [32m+[0m[0m name_prefix      = (known after apply)
      [32m+[0m[0m path             = "/"
      [32m+[0m[0m policy           = jsonencode(
            {
              [32m+[0m[0m Statement = [
                  [32m+[0m[0m {
                      [32m+[0m[0m Action   = [
                          [32m+[0m[0m "autoscaling:DescribeAutoScalingGroups",
                          [32m+[0m[0m "autoscaling:DescribeAutoScalingInstances",
                          [32m+[0m[0m "autoscaling:DescribeLaunchConfigurations",
                          [32m+[0m[0m "autoscaling:DescribeScalingActivities",
                          [32m+[0m[0m "autoscaling:DescribeTags",
                          [32m+[0m[0m "ec2:DescribeImages",
                          [32m+[0m[0m "ec2:DescribeInstanceTypes",
                          [32m+[0m[0m "ec2:DescribeLaunchTemplateVersions",
                          [32m+[0m[0m "ec2:GetInstanceTypesFromInstanceRequirements",
                          [32m+[0m[0m "eks:DescribeNodegroup",
                        ]
                      [32m+[0m[0m Effect   = "Allow"
                      [32m+[0m[0m Resource = [
                          [32m+[0m[0m "*",
                        ]
                    },
                  [32m+[0m[0m {
                      [32m+[0m[0m Action    = [
                          [32m+[0m[0m "autoscaling:SetDesiredCapacity",
                          [32m+[0m[0m "autoscaling:TerminateInstanceInAutoScalingGroup",
                        ]
                      [32m+[0m[0m Condition = {
                          [32m+[0m[0m StringEquals = {
                              [32m+[0m[0m "autoscaling:ResourceTag/k8s.io/cluster-autoscaler/chatapp-prod-cluster" = "owned"
                              [32m+[0m[0m "autoscaling:ResourceTag/k8s.io/cluster-autoscaler/enabled"              = "true"
                            }
                        }
                      [32m+[0m[0m Effect    = "Allow"
                      [32m+[0m[0m Resource  = [
                          [32m+[0m[0m "*",
                        ]
                    },
                ]
              [32m+[0m[0m Version   = "2012-10-17"
            }
        )
      [32m+[0m[0m policy_id        = (known after apply)
      [32m+[0m[0m tags_all         = {
          [32m+[0m[0m "Environment" = "prod"
          [32m+[0m[0m "ManagedBy"   = "terraform"
          [32m+[0m[0m "Project"     = "chatapp"
        }
    }

[1m  # module.iam.aws_iam_policy.external_secrets[0m will be created
[0m  [32m+[0m[0m resource "aws_iam_policy" "external_secrets" {
      [32m+[0m[0m arn              = (known after apply)
      [32m+[0m[0m attachment_count = (known after apply)
      [32m+[0m[0m id               = (known after apply)
      [32m+[0m[0m name             = "chatapp-prod-external-secrets-policy"
      [32m+[0m[0m name_prefix      = (known after apply)
      [32m+[0m[0m path             = "/"
      [32m+[0m[0m policy           = jsonencode(
            {
              [32m+[0m[0m Statement = [
                  [32m+[0m[0m {
                      [32m+[0m[0m Action   = [
                          [32m+[0m[0m "secretsmanager:GetSecretValue",
                          [32m+[0m[0m "secretsmanager:DescribeSecret",
                          [32m+[0m[0m "secretsmanager:ListSecretVersionIds",
                        ]
                      [32m+[0m[0m Effect   = "Allow"
                      [32m+[0m[0m Resource = "arn:aws:secretsmanager:*:866317130608:secret:chatapp/prod/*"
                    },
                  [32m+[0m[0m {
                      [32m+[0m[0m Action   = [
                          [32m+[0m[0m "kms:Decrypt",
                          [32m+[0m[0m "kms:DescribeKey",
                        ]
                      [32m+[0m[0m Effect   = "Allow"
                      [32m+[0m[0m Resource = "arn:aws:kms:us-east-1:866317130608:key/bb0c79a8-ecc3-4a7f-b134-809ce1dd05de"
                    },
                ]
              [32m+[0m[0m Version   = "2012-10-17"
            }
        )
      [32m+[0m[0m policy_id        = (known after apply)
      [32m+[0m[0m tags_all         = {
          [32m+[0m[0m "Environment" = "prod"
          [32m+[0m[0m "ManagedBy"   = "terraform"
          [32m+[0m[0m "Project"     = "chatapp"
        }
    }

[1m  # module.iam.aws_iam_role.alb_controller[0m will be created
[0m  [32m+[0m[0m resource "aws_iam_role" "alb_controller" {
      [32m+[0m[0m arn                   = (known after apply)
      [32m+[0m[0m assume_role_policy    = (known after apply)
      [32m+[0m[0m create_date           = (known after apply)
      [32m+[0m[0m force_detach_policies = false
      [32m+[0m[0m id                    = (known after apply)
      [32m+[0m[0m managed_policy_arns   = (known after apply)
      [32m+[0m[0m max_session_duration  = 3600
      [32m+[0m[0m name                  = "chatapp-prod-alb-controller-role"
      [32m+[0m[0m name_prefix           = (known after apply)
      [32m+[0m[0m path                  = "/"
      [32m+[0m[0m tags_all              = {
          [32m+[0m[0m "Environment" = "prod"
          [32m+[0m[0m "ManagedBy"   = "terraform"
          [32m+[0m[0m "Project"     = "chatapp"
        }
      [32m+[0m[0m unique_id             = (known after apply)

      [32m+[0m[0m inline_policy (known after apply)
    }

[1m  # module.iam.aws_iam_role.chatapp[0m will be created
[0m  [32m+[0m[0m resource "aws_iam_role" "chatapp" {
      [32m+[0m[0m arn                   = (known after apply)
      [32m+[0m[0m assume_role_policy    = (known after apply)
      [32m+[0m[0m create_date           = (known after apply)
      [32m+[0m[0m force_detach_policies = false
      [32m+[0m[0m id                    = (known after apply)
      [32m+[0m[0m managed_policy_arns   = (known after apply)
      [32m+[0m[0m max_session_duration  = 3600
      [32m+[0m[0m name                  = "chatapp-prod-chatapp-role"
      [32m+[0m[0m name_prefix           = (known after apply)
      [32m+[0m[0m path                  = "/"
      [32m+[0m[0m tags_all              = {
          [32m+[0m[0m "Environment" = "prod"
          [32m+[0m[0m "ManagedBy"   = "terraform"
          [32m+[0m[0m "Project"     = "chatapp"
        }
      [32m+[0m[0m unique_id             = (known after apply)

      [32m+[0m[0m inline_policy (known after apply)
    }

[1m  # module.iam.aws_iam_role.cluster_autoscaler[0m will be created
[0m  [32m+[0m[0m resource "aws_iam_role" "cluster_autoscaler" {
      [32m+[0m[0m arn                   = (known after apply)
      [32m+[0m[0m assume_role_policy    = (known after apply)
      [32m+[0m[0m create_date           = (known after apply)
      [32m+[0m[0m force_detach_policies = false
      [32m+[0m[0m id                    = (known after apply)
      [32m+[0m[0m managed_policy_arns   = (known after apply)
      [32m+[0m[0m max_session_duration  = 3600
      [32m+[0m[0m name                  = "chatapp-prod-cluster-autoscaler-role"
      [32m+[0m[0m name_prefix           = (known after apply)
      [32m+[0m[0m path                  = "/"
      [32m+[0m[0m tags_all              = {
          [32m+[0m[0m "Environment" = "prod"
          [32m+[0m[0m "ManagedBy"   = "terraform"
          [32m+[0m[0m "Project"     = "chatapp"
        }
      [32m+[0m[0m unique_id             = (known after apply)

      [32m+[0m[0m inline_policy (known after apply)
    }

[1m  # module.iam.aws_iam_role.external_secrets[0m will be created
[0m  [32m+[0m[0m resource "aws_iam_role" "external_secrets" {
      [32m+[0m[0m arn                   = (known after apply)
      [32m+[0m[0m assume_role_policy    = (known after apply)
      [32m+[0m[0m create_date           = (known after apply)
      [32m+[0m[0m force_detach_policies = false
      [32m+[0m[0m id                    = (known after apply)
      [32m+[0m[0m managed_policy_arns   = (known after apply)
      [32m+[0m[0m max_session_duration  = 3600
      [32m+[0m[0m name                  = "chatapp-prod-external-secrets-role"
      [32m+[0m[0m name_prefix           = (known after apply)
      [32m+[0m[0m path                  = "/"
      [32m+[0m[0m tags_all              = {
          [32m+[0m[0m "Environment" = "prod"
          [32m+[0m[0m "ManagedBy"   = "terraform"
          [32m+[0m[0m "Project"     = "chatapp"
        }
      [32m+[0m[0m unique_id             = (known after apply)

      [32m+[0m[0m inline_policy (known after apply)
    }

[1m  # module.iam.aws_iam_role_policy_attachment.alb_controller[0m will be created
[0m  [32m+[0m[0m resource "aws_iam_role_policy_attachment" "alb_controller" {
      [32m+[0m[0m id         = (known after apply)
      [32m+[0m[0m policy_arn = (known after apply)
      [32m+[0m[0m role       = "chatapp-prod-alb-controller-role"
    }

[1m  # module.iam.aws_iam_role_policy_attachment.chatapp[0m will be created
[0m  [32m+[0m[0m resource "aws_iam_role_policy_attachment" "chatapp" {
      [32m+[0m[0m id         = (known after apply)
      [32m+[0m[0m policy_arn = (known after apply)
      [32m+[0m[0m role       = "chatapp-prod-chatapp-role"
    }

[1m  # module.iam.aws_iam_role_policy_attachment.cluster_autoscaler[0m will be created
[0m  [32m+[0m[0m resource "aws_iam_role_policy_attachment" "cluster_autoscaler" {
      [32m+[0m[0m id         = (known after apply)
      [32m+[0m[0m policy_arn = (known after apply)
      [32m+[0m[0m role       = "chatapp-prod-cluster-autoscaler-role"
    }

[1m  # module.iam.aws_iam_role_policy_attachment.external_secrets[0m will be created
[0m  [32m+[0m[0m resource "aws_iam_role_policy_attachment" "external_secrets" {
      [32m+[0m[0m id         = (known after apply)
      [32m+[0m[0m policy_arn = (known after apply)
      [32m+[0m[0m role       = "chatapp-prod-external-secrets-role"
    }

[1m  # module.monitoring.aws_cloudwatch_metric_alarm.eks_node_cpu[0m will be created
[0m  [32m+[0m[0m resource "aws_cloudwatch_metric_alarm" "eks_node_cpu" {
      [32m+[0m[0m actions_enabled                       = true
      [32m+[0m[0m alarm_actions                         = (known after apply)
      [32m+[0m[0m alarm_description                     = "EKS node average CPU above 80% for 10 minutes"
      [32m+[0m[0m alarm_name                            = "chatapp-prod-eks-node-cpu-high"
      [32m+[0m[0m arn                                   = (known after apply)
      [32m+[0m[0m comparison_operator                   = "GreaterThanThreshold"
      [32m+[0m[0m dimensions                            = (known after apply)
      [32m+[0m[0m evaluate_low_sample_count_percentiles = (known after apply)
      [32m+[0m[0m evaluation_periods                    = 2
      [32m+[0m[0m id                                    = (known after apply)
      [32m+[0m[0m metric_name                           = "CPUUtilization"
      [32m+[0m[0m namespace                             = "AWS/EC2"
      [32m+[0m[0m ok_actions                            = (known after apply)
      [32m+[0m[0m period                                = 300
      [32m+[0m[0m statistic                             = "Average"
      [32m+[0m[0m tags_all                              = {
          [32m+[0m[0m "Environment" = "prod"
          [32m+[0m[0m "ManagedBy"   = "terraform"
          [32m+[0m[0m "Project"     = "chatapp"
        }
      [32m+[0m[0m threshold                             = 80
      [32m+[0m[0m treat_missing_data                    = "notBreaching"
    }

[1m  # module.monitoring.aws_cloudwatch_metric_alarm.eks_nodes_in_service[0m will be created
[0m  [32m+[0m[0m resource "aws_cloudwatch_metric_alarm" "eks_nodes_in_service" {
      [32m+[0m[0m actions_enabled                       = true
      [32m+[0m[0m alarm_actions                         = (known after apply)
      [32m+[0m[0m alarm_description                     = "EKS in-service node count dropped below configured minimum"
      [32m+[0m[0m alarm_name                            = "chatapp-prod-eks-nodes-below-minimum"
      [32m+[0m[0m arn                                   = (known after apply)
      [32m+[0m[0m comparison_operator                   = "LessThanThreshold"
      [32m+[0m[0m dimensions                            = (known after apply)
      [32m+[0m[0m evaluate_low_sample_count_percentiles = (known after apply)
      [32m+[0m[0m evaluation_periods                    = 2
      [32m+[0m[0m id                                    = (known after apply)
      [32m+[0m[0m metric_name                           = "GroupInServiceInstances"
      [32m+[0m[0m namespace                             = "AWS/AutoScaling"
      [32m+[0m[0m ok_actions                            = (known after apply)
      [32m+[0m[0m period                                = 60
      [32m+[0m[0m statistic                             = "Minimum"
      [32m+[0m[0m tags_all                              = {
          [32m+[0m[0m "Environment" = "prod"
          [32m+[0m[0m "ManagedBy"   = "terraform"
          [32m+[0m[0m "Project"     = "chatapp"
        }
      [32m+[0m[0m threshold                             = 2
      [32m+[0m[0m treat_missing_data                    = "breaching"
    }

[1m  # module.monitoring.aws_cloudwatch_metric_alarm.rds_connections[0m will be created
[0m  [32m+[0m[0m resource "aws_cloudwatch_metric_alarm" "rds_connections" {
      [32m+[0m[0m actions_enabled                       = true
      [32m+[0m[0m alarm_actions                         = (known after apply)
      [32m+[0m[0m alarm_description                     = "RDS cluster connections above 200"
      [32m+[0m[0m alarm_name                            = "chatapp-prod-rds-connections-high"
      [32m+[0m[0m arn                                   = (known after apply)
      [32m+[0m[0m comparison_operator                   = "GreaterThanThreshold"
      [32m+[0m[0m dimensions                            = {
          [32m+[0m[0m "DBClusterIdentifier" = "chatapp-prod-db"
        }
      [32m+[0m[0m evaluate_low_sample_count_percentiles = (known after apply)
      [32m+[0m[0m evaluation_periods                    = 2
      [32m+[0m[0m id                                    = (known after apply)
      [32m+[0m[0m metric_name                           = "DatabaseConnections"
      [32m+[0m[0m namespace                             = "AWS/RDS"
      [32m+[0m[0m ok_actions                            = (known after apply)
      [32m+[0m[0m period                                = 300
      [32m+[0m[0m statistic                             = "Average"
      [32m+[0m[0m tags_all                              = {
          [32m+[0m[0m "Environment" = "prod"
          [32m+[0m[0m "ManagedBy"   = "terraform"
          [32m+[0m[0m "Project"     = "chatapp"
        }
      [32m+[0m[0m threshold                             = 200
      [32m+[0m[0m treat_missing_data                    = "notBreaching"
    }

[1m  # module.monitoring.aws_cloudwatch_metric_alarm.rds_cpu[0m will be created
[0m  [32m+[0m[0m resource "aws_cloudwatch_metric_alarm" "rds_cpu" {
      [32m+[0m[0m actions_enabled                       = true
      [32m+[0m[0m alarm_actions                         = (known after apply)
      [32m+[0m[0m alarm_description                     = "RDS writer CPU utilisation above 80%"
      [32m+[0m[0m alarm_name                            = "chatapp-prod-rds-cpu-high"
      [32m+[0m[0m arn                                   = (known after apply)
      [32m+[0m[0m comparison_operator                   = "GreaterThanThreshold"
      [32m+[0m[0m dimensions                            = {
          [32m+[0m[0m "DBInstanceIdentifier" = "chatapp-prod-db-writer"
        }
      [32m+[0m[0m evaluate_low_sample_count_percentiles = (known after apply)
      [32m+[0m[0m evaluation_periods                    = 2
      [32m+[0m[0m id                                    = (known after apply)
      [32m+[0m[0m metric_name                           = "CPUUtilization"
      [32m+[0m[0m namespace                             = "AWS/RDS"
      [32m+[0m[0m ok_actions                            = (known after apply)
      [32m+[0m[0m period                                = 300
      [32m+[0m[0m statistic                             = "Average"
      [32m+[0m[0m tags_all                              = {
          [32m+[0m[0m "Environment" = "prod"
          [32m+[0m[0m "ManagedBy"   = "terraform"
          [32m+[0m[0m "Project"     = "chatapp"
        }
      [32m+[0m[0m threshold                             = 80
      [32m+[0m[0m treat_missing_data                    = "notBreaching"
    }

[1m  # module.monitoring.aws_cloudwatch_metric_alarm.rds_free_storage[0m will be created
[0m  [32m+[0m[0m resource "aws_cloudwatch_metric_alarm" "rds_free_storage" {
      [32m+[0m[0m actions_enabled                       = true
      [32m+[0m[0m alarm_actions                         = (known after apply)
      [32m+[0m[0m alarm_description                     = "RDS writer free local storage below 10 GiB"
      [32m+[0m[0m alarm_name                            = "chatapp-prod-rds-storage-low"
      [32m+[0m[0m arn                                   = (known after apply)
      [32m+[0m[0m comparison_operator                   = "LessThanThreshold"
      [32m+[0m[0m dimensions                            = {
          [32m+[0m[0m "DBInstanceIdentifier" = "chatapp-prod-db-writer"
        }
      [32m+[0m[0m evaluate_low_sample_count_percentiles = (known after apply)
      [32m+[0m[0m evaluation_periods                    = 1
      [32m+[0m[0m id                                    = (known after apply)
      [32m+[0m[0m metric_name                           = "FreeLocalStorage"
      [32m+[0m[0m namespace                             = "AWS/RDS"
      [32m+[0m[0m ok_actions                            = (known after apply)
      [32m+[0m[0m period                                = 300
      [32m+[0m[0m statistic                             = "Average"
      [32m+[0m[0m tags_all                              = {
          [32m+[0m[0m "Environment" = "prod"
          [32m+[0m[0m "ManagedBy"   = "terraform"
          [32m+[0m[0m "Project"     = "chatapp"
        }
      [32m+[0m[0m threshold                             = 10737418240
      [32m+[0m[0m treat_missing_data                    = "notBreaching"
    }

[1m  # module.monitoring.aws_cloudwatch_metric_alarm.redis_cpu[0m will be created
[0m  [32m+[0m[0m resource "aws_cloudwatch_metric_alarm" "redis_cpu" {
      [32m+[0m[0m actions_enabled                       = true
      [32m+[0m[0m alarm_actions                         = (known after apply)
      [32m+[0m[0m alarm_description                     = "Redis CPU utilisation above 75%"
      [32m+[0m[0m alarm_name                            = "chatapp-prod-redis-cpu-high"
      [32m+[0m[0m arn                                   = (known after apply)
      [32m+[0m[0m comparison_operator                   = "GreaterThanThreshold"
      [32m+[0m[0m dimensions                            = (known after apply)
      [32m+[0m[0m evaluate_low_sample_count_percentiles = (known after apply)
      [32m+[0m[0m evaluation_periods                    = 2
      [32m+[0m[0m id                                    = (known after apply)
      [32m+[0m[0m metric_name                           = "CPUUtilization"
      [32m+[0m[0m namespace                             = "AWS/ElastiCache"
      [32m+[0m[0m ok_actions                            = (known after apply)
      [32m+[0m[0m period                                = 300
      [32m+[0m[0m statistic                             = "Average"
      [32m+[0m[0m tags_all                              = {
          [32m+[0m[0m "Environment" = "prod"
          [32m+[0m[0m "ManagedBy"   = "terraform"
          [32m+[0m[0m "Project"     = "chatapp"
        }
      [32m+[0m[0m threshold                             = 75
      [32m+[0m[0m treat_missing_data                    = "notBreaching"
    }

[1m  # module.monitoring.aws_cloudwatch_metric_alarm.redis_evictions[0m will be created
[0m  [32m+[0m[0m resource "aws_cloudwatch_metric_alarm" "redis_evictions" {
      [32m+[0m[0m actions_enabled                       = true
      [32m+[0m[0m alarm_actions                         = (known after apply)
      [32m+[0m[0m alarm_description                     = "Redis evictions above 100 — memory pressure"
      [32m+[0m[0m alarm_name                            = "chatapp-prod-redis-evictions"
      [32m+[0m[0m arn                                   = (known after apply)
      [32m+[0m[0m comparison_operator                   = "GreaterThanThreshold"
      [32m+[0m[0m dimensions                            = (known after apply)
      [32m+[0m[0m evaluate_low_sample_count_percentiles = (known after apply)
      [32m+[0m[0m evaluation_periods                    = 2
      [32m+[0m[0m id                                    = (known after apply)
      [32m+[0m[0m metric_name                           = "Evictions"
      [32m+[0m[0m namespace                             = "AWS/ElastiCache"
      [32m+[0m[0m ok_actions                            = (known after apply)
      [32m+[0m[0m period                                = 300
      [32m+[0m[0m statistic                             = "Sum"
      [32m+[0m[0m tags_all                              = {
          [32m+[0m[0m "Environment" = "prod"
          [32m+[0m[0m "ManagedBy"   = "terraform"
          [32m+[0m[0m "Project"     = "chatapp"
        }
      [32m+[0m[0m threshold                             = 100
      [32m+[0m[0m treat_missing_data                    = "notBreaching"
    }

[1m  # module.monitoring.aws_cloudwatch_metric_alarm.redis_replication_lag[0m will be created
[0m  [32m+[0m[0m resource "aws_cloudwatch_metric_alarm" "redis_replication_lag" {
      [32m+[0m[0m actions_enabled                       = true
      [32m+[0m[0m alarm_actions                         = (known after apply)
      [32m+[0m[0m alarm_description                     = "Redis replica lag above 60 seconds"
      [32m+[0m[0m alarm_name                            = "chatapp-prod-redis-replication-lag"
      [32m+[0m[0m arn                                   = (known after apply)
      [32m+[0m[0m comparison_operator                   = "GreaterThanThreshold"
      [32m+[0m[0m dimensions                            = (known after apply)
      [32m+[0m[0m evaluate_low_sample_count_percentiles = (known after apply)
      [32m+[0m[0m evaluation_periods                    = 3
      [32m+[0m[0m id                                    = (known after apply)
      [32m+[0m[0m metric_name                           = "ReplicationLag"
      [32m+[0m[0m namespace                             = "AWS/ElastiCache"
      [32m+[0m[0m ok_actions                            = (known after apply)
      [32m+[0m[0m period                                = 60
      [32m+[0m[0m statistic                             = "Maximum"
      [32m+[0m[0m tags_all                              = {
          [32m+[0m[0m "Environment" = "prod"
          [32m+[0m[0m "ManagedBy"   = "terraform"
          [32m+[0m[0m "Project"     = "chatapp"
        }
      [32m+[0m[0m threshold                             = 60
      [32m+[0m[0m treat_missing_data                    = "notBreaching"
    }

[1m  # module.monitoring.aws_cloudwatch_metric_alarm.waf_blocked_requests[0m will be created
[0m  [32m+[0m[0m resource "aws_cloudwatch_metric_alarm" "waf_blocked_requests" {
      [32m+[0m[0m actions_enabled                       = true
      [32m+[0m[0m alarm_actions                         = (known after apply)
      [32m+[0m[0m alarm_description                     = "WAF blocked request rate above 1000 in 5 minutes"
      [32m+[0m[0m alarm_name                            = "chatapp-prod-waf-blocked-spike"
      [32m+[0m[0m arn                                   = (known after apply)
      [32m+[0m[0m comparison_operator                   = "GreaterThanThreshold"
      [32m+[0m[0m dimensions                            = {
          [32m+[0m[0m "Region" = "us-east-1"
          [32m+[0m[0m "Rule"   = "ALL"
          [32m+[0m[0m "WebACL" = "chatapp-prod-waf"
        }
      [32m+[0m[0m evaluate_low_sample_count_percentiles = (known after apply)
      [32m+[0m[0m evaluation_periods                    = 1
      [32m+[0m[0m id                                    = (known after apply)
      [32m+[0m[0m metric_name                           = "BlockedRequests"
      [32m+[0m[0m namespace                             = "AWS/WAFV2"
      [32m+[0m[0m period                                = 300
      [32m+[0m[0m statistic                             = "Sum"
      [32m+[0m[0m tags_all                              = {
          [32m+[0m[0m "Environment" = "prod"
          [32m+[0m[0m "ManagedBy"   = "terraform"
          [32m+[0m[0m "Project"     = "chatapp"
        }
      [32m+[0m[0m threshold                             = 1000
      [32m+[0m[0m treat_missing_data                    = "notBreaching"
    }

[1m  # module.monitoring.aws_sns_topic.alerts[0m will be created
[0m  [32m+[0m[0m resource "aws_sns_topic" "alerts" {
      [32m+[0m[0m arn                         = (known after apply)
      [32m+[0m[0m beginning_archive_time      = (known after apply)
      [32m+[0m[0m content_based_deduplication = false
      [32m+[0m[0m fifo_throughput_scope       = (known after apply)
      [32m+[0m[0m fifo_topic                  = false
      [32m+[0m[0m id                          = (known after apply)
      [32m+[0m[0m name                        = "chatapp-prod-alerts"
      [32m+[0m[0m name_prefix                 = (known after apply)
      [32m+[0m[0m owner                       = (known after apply)
      [32m+[0m[0m policy                      = (known after apply)
      [32m+[0m[0m signature_version           = (known after apply)
      [32m+[0m[0m tags                        = {
          [32m+[0m[0m "Name" = "chatapp-prod-alerts"
        }
      [32m+[0m[0m tags_all                    = {
          [32m+[0m[0m "Environment" = "prod"
          [32m+[0m[0m "ManagedBy"   = "terraform"
          [32m+[0m[0m "Name"        = "chatapp-prod-alerts"
          [32m+[0m[0m "Project"     = "chatapp"
        }
      [32m+[0m[0m tracing_config              = (known after apply)
    }

[1m  # module.monitoring.aws_sns_topic_subscription.email[0m will be created
[0m  [32m+[0m[0m resource "aws_sns_topic_subscription" "email" {
      [32m+[0m[0m arn                             = (known after apply)
      [32m+[0m[0m confirmation_timeout_in_minutes = 1
      [32m+[0m[0m confirmation_was_authenticated  = (known after apply)
      [32m+[0m[0m endpoint                        = "morganokanyair@gmail.com"
      [32m+[0m[0m endpoint_auto_confirms          = false
      [32m+[0m[0m filter_policy_scope             = (known after apply)
      [32m+[0m[0m id                              = (known after apply)
      [32m+[0m[0m owner_id                        = (known after apply)
      [32m+[0m[0m pending_confirmation            = (known after apply)
      [32m+[0m[0m protocol                        = "email"
      [32m+[0m[0m raw_message_delivery            = false
      [32m+[0m[0m topic_arn                       = (known after apply)
    }

[1m  # module.rds.aws_db_parameter_group.this[0m will be created
[0m  [32m+[0m[0m resource "aws_db_parameter_group" "this" {
      [32m+[0m[0m arn          = (known after apply)
      [32m+[0m[0m description  = "Managed by Terraform"
      [32m+[0m[0m family       = "aurora-mysql8.0"
      [32m+[0m[0m id           = (known after apply)
      [32m+[0m[0m name         = "chatapp-prod-aurora-mysql8-db-pg"
      [32m+[0m[0m name_prefix  = (known after apply)
      [32m+[0m[0m skip_destroy = false
      [32m+[0m[0m tags_all     = {
          [32m+[0m[0m "Environment" = "prod"
          [32m+[0m[0m "ManagedBy"   = "terraform"
          [32m+[0m[0m "Project"     = "chatapp"
        }
    }

[1m  # module.rds.aws_db_subnet_group.this[0m will be created
[0m  [32m+[0m[0m resource "aws_db_subnet_group" "this" {
      [32m+[0m[0m arn                     = (known after apply)
      [32m+[0m[0m description             = "Aurora MySQL subnet group"
      [32m+[0m[0m id                      = (known after apply)
      [32m+[0m[0m name                    = "chatapp-prod-rds-subnet-group"
      [32m+[0m[0m name_prefix             = (known after apply)
      [32m+[0m[0m subnet_ids              = [
          [32m+[0m[0m "subnet-061d7861a5a893e9c",
          [32m+[0m[0m "subnet-0e5489d4f3adc80fb",
        ]
      [32m+[0m[0m supported_network_types = (known after apply)
      [32m+[0m[0m tags                    = {
          [32m+[0m[0m "Name" = "chatapp-prod-rds-subnet-group"
        }
      [32m+[0m[0m tags_all                = {
          [32m+[0m[0m "Environment" = "prod"
          [32m+[0m[0m "ManagedBy"   = "terraform"
          [32m+[0m[0m "Name"        = "chatapp-prod-rds-subnet-group"
          [32m+[0m[0m "Project"     = "chatapp"
        }
      [32m+[0m[0m vpc_id                  = (known after apply)
    }

[1m  # module.rds.aws_iam_role.rds_monitoring[0m will be created
[0m  [32m+[0m[0m resource "aws_iam_role" "rds_monitoring" {
      [32m+[0m[0m arn                   = (known after apply)
      [32m+[0m[0m assume_role_policy    = jsonencode(
            {
              [32m+[0m[0m Statement = [
                  [32m+[0m[0m {
                      [32m+[0m[0m Action    = "sts:AssumeRole"
                      [32m+[0m[0m Effect    = "Allow"
                      [32m+[0m[0m Principal = {
                          [32m+[0m[0m Service = "monitoring.rds.amazonaws.com"
                        }
                    },
                ]
              [32m+[0m[0m Version   = "2012-10-17"
            }
        )
      [32m+[0m[0m create_date           = (known after apply)
      [32m+[0m[0m force_detach_policies = false
      [32m+[0m[0m id                    = (known after apply)
      [32m+[0m[0m managed_policy_arns   = (known after apply)
      [32m+[0m[0m max_session_duration  = 3600
      [32m+[0m[0m name                  = "chatapp-prod-rds-monitoring"
      [32m+[0m[0m name_prefix           = (known after apply)
      [32m+[0m[0m path                  = "/"
      [32m+[0m[0m tags_all              = {
          [32m+[0m[0m "Environment" = "prod"
          [32m+[0m[0m "ManagedBy"   = "terraform"
          [32m+[0m[0m "Project"     = "chatapp"
        }
      [32m+[0m[0m unique_id             = (known after apply)

      [32m+[0m[0m inline_policy (known after apply)
    }

[1m  # module.rds.aws_iam_role_policy_attachment.rds_monitoring[0m will be created
[0m  [32m+[0m[0m resource "aws_iam_role_policy_attachment" "rds_monitoring" {
      [32m+[0m[0m id         = (known after apply)
      [32m+[0m[0m policy_arn = "arn:aws:iam::aws:policy/service-role/AmazonRDSEnhancedMonitoringRole"
      [32m+[0m[0m role       = "chatapp-prod-rds-monitoring"
    }

[1m  # module.rds.aws_rds_cluster.this[0m will be created
[0m  [32m+[0m[0m resource "aws_rds_cluster" "this" {
      [32m+[0m[0m allocated_storage                     = (known after apply)
      [32m+[0m[0m apply_immediately                     = false
      [32m+[0m[0m arn                                   = (known after apply)
      [32m+[0m[0m availability_zones                    = (known after apply)
      [32m+[0m[0m backup_retention_period               = 30
      [32m+[0m[0m ca_certificate_identifier             = (known after apply)
      [32m+[0m[0m ca_certificate_valid_till             = (known after apply)
      [32m+[0m[0m cluster_identifier                    = "chatapp-prod-db"
      [32m+[0m[0m cluster_identifier_prefix             = (known after apply)
      [32m+[0m[0m cluster_members                       = (known after apply)
      [32m+[0m[0m cluster_resource_id                   = (known after apply)
      [32m+[0m[0m cluster_scalability_type              = (known after apply)
      [32m+[0m[0m copy_tags_to_snapshot                 = true
      [32m+[0m[0m database_insights_mode                = (known after apply)
      [32m+[0m[0m database_name                         = "chatdb"
      [32m+[0m[0m db_cluster_parameter_group_name       = "chatapp-prod-aurora-mysql8-cluster-pg"
      [32m+[0m[0m db_subnet_group_name                  = "chatapp-prod-rds-subnet-group"
      [32m+[0m[0m db_system_id                          = (known after apply)
      [32m+[0m[0m delete_automated_backups              = true
      [32m+[0m[0m deletion_protection                   = false
      [32m+[0m[0m enable_global_write_forwarding        = false
      [32m+[0m[0m enable_http_endpoint                  = false
      [32m+[0m[0m enable_local_write_forwarding         = false
      [32m+[0m[0m enabled_cloudwatch_logs_exports       = [
          [32m+[0m[0m "audit",
          [32m+[0m[0m "error",
          [32m+[0m[0m "slowquery",
        ]
      [32m+[0m[0m endpoint                              = (known after apply)
      [32m+[0m[0m engine                                = "aurora-mysql"
      [32m+[0m[0m engine_lifecycle_support              = (known after apply)
      [32m+[0m[0m engine_mode                           = "provisioned"
      [32m+[0m[0m engine_version                        = "8.0.mysql_aurora.3.08.2"
      [32m+[0m[0m engine_version_actual                 = (known after apply)
      [32m+[0m[0m final_snapshot_identifier             = "chatapp-prod-db-final-snapshot"
      [32m+[0m[0m hosted_zone_id                        = (known after apply)
      [32m+[0m[0m iam_roles                             = (known after apply)
      [32m+[0m[0m id                                    = (known after apply)
      [32m+[0m[0m kms_key_id                            = "arn:aws:kms:us-east-1:866317130608:key/1e38ad7e-3f9a-41be-af70-735c595d2fae"
      [32m+[0m[0m master_password                       = (sensitive value)
      [32m+[0m[0m master_password_wo                    = (write-only attribute)
      [32m+[0m[0m master_user_secret                    = (known after apply)
      [32m+[0m[0m master_user_secret_kms_key_id         = (known after apply)
      [32m+[0m[0m master_username                       = "admin"
      [32m+[0m[0m monitoring_interval                   = (known after apply)
      [32m+[0m[0m monitoring_role_arn                   = (known after apply)
      [32m+[0m[0m network_type                          = (known after apply)
      [32m+[0m[0m performance_insights_kms_key_id       = (known after apply)
      [32m+[0m[0m performance_insights_retention_period = (known after apply)
      [32m+[0m[0m port                                  = (known after apply)
      [32m+[0m[0m preferred_backup_window               = "03:00-04:00"
      [32m+[0m[0m preferred_maintenance_window          = "sun:05:00-sun:06:00"
      [32m+[0m[0m reader_endpoint                       = (known after apply)
      [32m+[0m[0m skip_final_snapshot                   = true
      [32m+[0m[0m storage_encrypted                     = true
      [32m+[0m[0m storage_type                          = (known after apply)
      [32m+[0m[0m tags                                  = {
          [32m+[0m[0m "Name" = "chatapp-prod-db"
        }
      [32m+[0m[0m tags_all                              = {
          [32m+[0m[0m "Environment" = "prod"
          [32m+[0m[0m "ManagedBy"   = "terraform"
          [32m+[0m[0m "Name"        = "chatapp-prod-db"
          [32m+[0m[0m "Project"     = "chatapp"
        }
      [32m+[0m[0m vpc_security_group_ids                = [
          [32m+[0m[0m "sg-0038e0c9748480ee4",
        ]
    }

[1m  # module.rds.aws_rds_cluster_instance.reader[0m will be created
[0m  [32m+[0m[0m resource "aws_rds_cluster_instance" "reader" {
      [32m+[0m[0m apply_immediately                     = (known after apply)
      [32m+[0m[0m arn                                   = (known after apply)
      [32m+[0m[0m auto_minor_version_upgrade            = true
      [32m+[0m[0m availability_zone                     = "us-east-1b"
      [32m+[0m[0m ca_cert_identifier                    = (known after apply)
      [32m+[0m[0m cluster_identifier                    = (known after apply)
      [32m+[0m[0m copy_tags_to_snapshot                 = false
      [32m+[0m[0m db_parameter_group_name               = "chatapp-prod-aurora-mysql8-db-pg"
      [32m+[0m[0m db_subnet_group_name                  = "chatapp-prod-rds-subnet-group"
      [32m+[0m[0m dbi_resource_id                       = (known after apply)
      [32m+[0m[0m endpoint                              = (known after apply)
      [32m+[0m[0m engine                                = "aurora-mysql"
      [32m+[0m[0m engine_version                        = "8.0.mysql_aurora.3.08.2"
      [32m+[0m[0m engine_version_actual                 = (known after apply)
      [32m+[0m[0m force_destroy                         = false
      [32m+[0m[0m id                                    = (known after apply)
      [32m+[0m[0m identifier                            = "chatapp-prod-db-reader"
      [32m+[0m[0m identifier_prefix                     = (known after apply)
      [32m+[0m[0m instance_class                        = "db.t3.medium"
      [32m+[0m[0m kms_key_id                            = (known after apply)
      [32m+[0m[0m monitoring_interval                   = 60
      [32m+[0m[0m monitoring_role_arn                   = (known after apply)
      [32m+[0m[0m network_type                          = (known after apply)
      [32m+[0m[0m performance_insights_enabled          = false
      [32m+[0m[0m performance_insights_kms_key_id       = (known after apply)
      [32m+[0m[0m performance_insights_retention_period = (known after apply)
      [32m+[0m[0m port                                  = (known after apply)
      [32m+[0m[0m preferred_backup_window               = (known after apply)
      [32m+[0m[0m preferred_maintenance_window          = (known after apply)
      [32m+[0m[0m promotion_tier                        = 0
      [32m+[0m[0m publicly_accessible                   = (known after apply)
      [32m+[0m[0m storage_encrypted                     = (known after apply)
      [32m+[0m[0m tags                                  = {
          [32m+[0m[0m "Name" = "chatapp-prod-db-reader"
        }
      [32m+[0m[0m tags_all                              = {
          [32m+[0m[0m "Environment" = "prod"
          [32m+[0m[0m "ManagedBy"   = "terraform"
          [32m+[0m[0m "Name"        = "chatapp-prod-db-reader"
          [32m+[0m[0m "Project"     = "chatapp"
        }
      [32m+[0m[0m writer                                = (known after apply)
    }

[1m  # module.rds.aws_rds_cluster_instance.writer[0m will be created
[0m  [32m+[0m[0m resource "aws_rds_cluster_instance" "writer" {
      [32m+[0m[0m apply_immediately                     = (known after apply)
      [32m+[0m[0m arn                                   = (known after apply)
      [32m+[0m[0m auto_minor_version_upgrade            = true
      [32m+[0m[0m availability_zone                     = "us-east-1a"
      [32m+[0m[0m ca_cert_identifier                    = (known after apply)
      [32m+[0m[0m cluster_identifier                    = (known after apply)
      [32m+[0m[0m copy_tags_to_snapshot                 = false
      [32m+[0m[0m db_parameter_group_name               = "chatapp-prod-aurora-mysql8-db-pg"
      [32m+[0m[0m db_subnet_group_name                  = "chatapp-prod-rds-subnet-group"
      [32m+[0m[0m dbi_resource_id                       = (known after apply)
      [32m+[0m[0m endpoint                              = (known after apply)
      [32m+[0m[0m engine                                = "aurora-mysql"
      [32m+[0m[0m engine_version                        = "8.0.mysql_aurora.3.08.2"
      [32m+[0m[0m engine_version_actual                 = (known after apply)
      [32m+[0m[0m force_destroy                         = false
      [32m+[0m[0m id                                    = (known after apply)
      [32m+[0m[0m identifier                            = "chatapp-prod-db-writer"
      [32m+[0m[0m identifier_prefix                     = (known after apply)
      [32m+[0m[0m instance_class                        = "db.t3.medium"
      [32m+[0m[0m kms_key_id                            = (known after apply)
      [32m+[0m[0m monitoring_interval                   = 60
      [32m+[0m[0m monitoring_role_arn                   = (known after apply)
      [32m+[0m[0m network_type                          = (known after apply)
      [32m+[0m[0m performance_insights_enabled          = false
      [32m+[0m[0m performance_insights_kms_key_id       = (known after apply)
      [32m+[0m[0m performance_insights_retention_period = (known after apply)
      [32m+[0m[0m port                                  = (known after apply)
      [32m+[0m[0m preferred_backup_window               = (known after apply)
      [32m+[0m[0m preferred_maintenance_window          = (known after apply)
      [32m+[0m[0m promotion_tier                        = 0
      [32m+[0m[0m publicly_accessible                   = (known after apply)
      [32m+[0m[0m storage_encrypted                     = (known after apply)
      [32m+[0m[0m tags                                  = {
          [32m+[0m[0m "Name" = "chatapp-prod-db-writer"
        }
      [32m+[0m[0m tags_all                              = {
          [32m+[0m[0m "Environment" = "prod"
          [32m+[0m[0m "ManagedBy"   = "terraform"
          [32m+[0m[0m "Name"        = "chatapp-prod-db-writer"
          [32m+[0m[0m "Project"     = "chatapp"
        }
      [32m+[0m[0m writer                                = (known after apply)
    }

[1m  # module.rds.aws_rds_cluster_parameter_group.this[0m will be created
[0m  [32m+[0m[0m resource "aws_rds_cluster_parameter_group" "this" {
      [32m+[0m[0m arn         = (known after apply)
      [32m+[0m[0m description = "Aurora MySQL 8.0 cluster parameter group"
      [32m+[0m[0m family      = "aurora-mysql8.0"
      [32m+[0m[0m id          = (known after apply)
      [32m+[0m[0m name        = "chatapp-prod-aurora-mysql8-cluster-pg"
      [32m+[0m[0m name_prefix = (known after apply)
      [32m+[0m[0m tags_all    = {
          [32m+[0m[0m "Environment" = "prod"
          [32m+[0m[0m "ManagedBy"   = "terraform"
          [32m+[0m[0m "Project"     = "chatapp"
        }

      [32m+[0m[0m parameter {
          [32m+[0m[0m apply_method = "immediate"
          [32m+[0m[0m name         = "character_set_server"
          [32m+[0m[0m value        = "utf8mb4"
        }
      [32m+[0m[0m parameter {
          [32m+[0m[0m apply_method = "immediate"
          [32m+[0m[0m name         = "collation_server"
          [32m+[0m[0m value        = "utf8mb4_unicode_ci"
        }
      [32m+[0m[0m parameter {
          [32m+[0m[0m apply_method = "immediate"
          [32m+[0m[0m name         = "general_log"
          [32m+[0m[0m value        = "0"
        }
      [32m+[0m[0m parameter {
          [32m+[0m[0m apply_method = "immediate"
          [32m+[0m[0m name         = "long_query_time"
          [32m+[0m[0m value        = "2"
        }
      [32m+[0m[0m parameter {
          [32m+[0m[0m apply_method = "immediate"
          [32m+[0m[0m name         = "slow_query_log"
          [32m+[0m[0m value        = "1"
        }
    }

[1m  # module.secrets.aws_secretsmanager_secret.app[0m will be created
[0m  [32m+[0m[0m resource "aws_secretsmanager_secret" "app" {
      [32m+[0m[0m arn                            = (known after apply)
      [32m+[0m[0m description                    = "chatapp-prod application secret key"
      [32m+[0m[0m force_overwrite_replica_secret = false
      [32m+[0m[0m id                             = (known after apply)
      [32m+[0m[0m kms_key_id                     = "arn:aws:kms:us-east-1:866317130608:key/bb0c79a8-ecc3-4a7f-b134-809ce1dd05de"
      [32m+[0m[0m name                           = "chatapp/prod/app-config"
      [32m+[0m[0m name_prefix                    = (known after apply)
      [32m+[0m[0m policy                         = (known after apply)
      [32m+[0m[0m recovery_window_in_days        = 7
      [32m+[0m[0m tags                           = {
          [32m+[0m[0m "Name" = "chatapp-prod-app-secret"
        }
      [32m+[0m[0m tags_all                       = {
          [32m+[0m[0m "Environment" = "prod"
          [32m+[0m[0m "ManagedBy"   = "terraform"
          [32m+[0m[0m "Name"        = "chatapp-prod-app-secret"
          [32m+[0m[0m "Project"     = "chatapp"
        }

      [32m+[0m[0m replica (known after apply)
    }

[1m  # module.secrets.aws_secretsmanager_secret.db[0m will be created
[0m  [32m+[0m[0m resource "aws_secretsmanager_secret" "db" {
      [32m+[0m[0m arn                            = (known after apply)
      [32m+[0m[0m description                    = "chatapp-prod Aurora MySQL credentials"
      [32m+[0m[0m force_overwrite_replica_secret = false
      [32m+[0m[0m id                             = (known after apply)
      [32m+[0m[0m kms_key_id                     = "arn:aws:kms:us-east-1:866317130608:key/bb0c79a8-ecc3-4a7f-b134-809ce1dd05de"
      [32m+[0m[0m name                           = "chatapp/prod/db-credentials"
      [32m+[0m[0m name_prefix                    = (known after apply)
      [32m+[0m[0m policy                         = (known after apply)
      [32m+[0m[0m recovery_window_in_days        = 7
      [32m+[0m[0m tags                           = {
          [32m+[0m[0m "Name" = "chatapp-prod-db-secret"
        }
      [32m+[0m[0m tags_all                       = {
          [32m+[0m[0m "Environment" = "prod"
          [32m+[0m[0m "ManagedBy"   = "terraform"
          [32m+[0m[0m "Name"        = "chatapp-prod-db-secret"
          [32m+[0m[0m "Project"     = "chatapp"
        }

      [32m+[0m[0m replica (known after apply)
    }

[1m  # module.secrets.aws_secretsmanager_secret.redis[0m will be created
[0m  [32m+[0m[0m resource "aws_secretsmanager_secret" "redis" {
      [32m+[0m[0m arn                            = (known after apply)
      [32m+[0m[0m description                    = "chatapp-prod ElastiCache Redis AUTH token"
      [32m+[0m[0m force_overwrite_replica_secret = false
      [32m+[0m[0m id                             = (known after apply)
      [32m+[0m[0m kms_key_id                     = "arn:aws:kms:us-east-1:866317130608:key/bb0c79a8-ecc3-4a7f-b134-809ce1dd05de"
      [32m+[0m[0m name                           = "chatapp/prod/redis-auth-token"
      [32m+[0m[0m name_prefix                    = (known after apply)
      [32m+[0m[0m policy                         = (known after apply)
      [32m+[0m[0m recovery_window_in_days        = 7
      [32m+[0m[0m tags                           = {
          [32m+[0m[0m "Name" = "chatapp-prod-redis-secret"
        }
      [32m+[0m[0m tags_all                       = {
          [32m+[0m[0m "Environment" = "prod"
          [32m+[0m[0m "ManagedBy"   = "terraform"
          [32m+[0m[0m "Name"        = "chatapp-prod-redis-secret"
          [32m+[0m[0m "Project"     = "chatapp"
        }

      [32m+[0m[0m replica (known after apply)
    }

[1m  # module.secrets.aws_secretsmanager_secret_version.app[0m will be created
[0m  [32m+[0m[0m resource "aws_secretsmanager_secret_version" "app" {
      [32m+[0m[0m arn                  = (known after apply)
      [32m+[0m[0m has_secret_string_wo = (known after apply)
      [32m+[0m[0m id                   = (known after apply)
      [32m+[0m[0m secret_id            = (known after apply)
      [32m+[0m[0m secret_string        = (sensitive value)
      [32m+[0m[0m secret_string_wo     = (write-only attribute)
      [32m+[0m[0m version_id           = (known after apply)
      [32m+[0m[0m version_stages       = (known after apply)
    }

[1m  # module.secrets.aws_secretsmanager_secret_version.db[0m will be created
[0m  [32m+[0m[0m resource "aws_secretsmanager_secret_version" "db" {
      [32m+[0m[0m arn                  = (known after apply)
      [32m+[0m[0m has_secret_string_wo = (known after apply)
      [32m+[0m[0m id                   = (known after apply)
      [32m+[0m[0m secret_id            = (known after apply)
      [32m+[0m[0m secret_string        = (sensitive value)
      [32m+[0m[0m secret_string_wo     = (write-only attribute)
      [32m+[0m[0m version_id           = (known after apply)
      [32m+[0m[0m version_stages       = (known after apply)
    }

[1m  # module.secrets.aws_secretsmanager_secret_version.redis[0m will be created
[0m  [32m+[0m[0m resource "aws_secretsmanager_secret_version" "redis" {
      [32m+[0m[0m arn                  = (known after apply)
      [32m+[0m[0m has_secret_string_wo = (known after apply)
      [32m+[0m[0m id                   = (known after apply)
      [32m+[0m[0m secret_id            = (known after apply)
      [32m+[0m[0m secret_string        = (sensitive value)
      [32m+[0m[0m secret_string_wo     = (write-only attribute)
      [32m+[0m[0m version_id           = (known after apply)
      [32m+[0m[0m version_stages       = (known after apply)
    }

[1m  # module.secrets.random_password.app_secret_key[0m will be created
[0m  [32m+[0m[0m resource "random_password" "app_secret_key" {
      [32m+[0m[0m bcrypt_hash = (sensitive value)
      [32m+[0m[0m id          = (known after apply)
      [32m+[0m[0m length      = 64
      [32m+[0m[0m lower       = true
      [32m+[0m[0m min_lower   = 0
      [32m+[0m[0m min_numeric = 0
      [32m+[0m[0m min_special = 0
      [32m+[0m[0m min_upper   = 0
      [32m+[0m[0m number      = true
      [32m+[0m[0m numeric     = true
      [32m+[0m[0m result      = (sensitive value)
      [32m+[0m[0m special     = false
      [32m+[0m[0m upper       = true
    }

[1m  # module.waf.aws_s3_bucket.alb_logs[0m will be created
[0m  [32m+[0m[0m resource "aws_s3_bucket" "alb_logs" {
      [32m+[0m[0m acceleration_status         = (known after apply)
      [32m+[0m[0m acl                         = (known after apply)
      [32m+[0m[0m arn                         = (known after apply)
      [32m+[0m[0m bucket                      = "chatapp-prod-alb-logs-866317130608"
      [32m+[0m[0m bucket_domain_name          = (known after apply)
      [32m+[0m[0m bucket_prefix               = (known after apply)
      [32m+[0m[0m bucket_regional_domain_name = (known after apply)
      [32m+[0m[0m force_destroy               = true
      [32m+[0m[0m hosted_zone_id              = (known after apply)
      [32m+[0m[0m id                          = (known after apply)
      [32m+[0m[0m object_lock_enabled         = (known after apply)
      [32m+[0m[0m policy                      = (known after apply)
      [32m+[0m[0m region                      = (known after apply)
      [32m+[0m[0m request_payer               = (known after apply)
      [32m+[0m[0m tags                        = {
          [32m+[0m[0m "Name" = "chatapp-prod-alb-logs"
        }
      [32m+[0m[0m tags_all                    = {
          [32m+[0m[0m "Environment" = "prod"
          [32m+[0m[0m "ManagedBy"   = "terraform"
          [32m+[0m[0m "Name"        = "chatapp-prod-alb-logs"
          [32m+[0m[0m "Project"     = "chatapp"
        }
      [32m+[0m[0m website_domain              = (known after apply)
      [32m+[0m[0m website_endpoint            = (known after apply)

      [32m+[0m[0m cors_rule (known after apply)

      [32m+[0m[0m grant (known after apply)

      [32m+[0m[0m lifecycle_rule (known after apply)

      [32m+[0m[0m logging (known after apply)

      [32m+[0m[0m object_lock_configuration (known after apply)

      [32m+[0m[0m replication_configuration (known after apply)

      [32m+[0m[0m server_side_encryption_configuration (known after apply)

      [32m+[0m[0m versioning (known after apply)

      [32m+[0m[0m website (known after apply)
    }

[1m  # module.waf.aws_s3_bucket_lifecycle_configuration.alb_logs[0m will be created
[0m  [32m+[0m[0m resource "aws_s3_bucket_lifecycle_configuration" "alb_logs" {
      [32m+[0m[0m bucket                                 = (known after apply)
      [32m+[0m[0m expected_bucket_owner                  = (known after apply)
      [32m+[0m[0m id                                     = (known after apply)
      [32m+[0m[0m transition_default_minimum_object_size = "all_storage_classes_128K"

      [32m+[0m[0m rule {
          [32m+[0m[0m id     = "expire-logs-30d"
          [32m+[0m[0m status = "Enabled"
            [90m# (1 unchanged attribute hidden)[0m[0m

          [32m+[0m[0m expiration {
              [32m+[0m[0m days                         = 30
              [32m+[0m[0m expired_object_delete_marker = false
            }

          [32m+[0m[0m filter {
                [90m# (1 unchanged attribute hidden)[0m[0m
            }
        }
    }

[1m  # module.waf.aws_s3_bucket_policy.alb_logs[0m will be created
[0m  [32m+[0m[0m resource "aws_s3_bucket_policy" "alb_logs" {
      [32m+[0m[0m bucket = (known after apply)
      [32m+[0m[0m id     = (known after apply)
      [32m+[0m[0m policy = (known after apply)
    }

[1m  # module.waf.aws_s3_bucket_public_access_block.alb_logs[0m will be created
[0m  [32m+[0m[0m resource "aws_s3_bucket_public_access_block" "alb_logs" {
      [32m+[0m[0m block_public_acls       = true
      [32m+[0m[0m block_public_policy     = true
      [32m+[0m[0m bucket                  = (known after apply)
      [32m+[0m[0m id                      = (known after apply)
      [32m+[0m[0m ignore_public_acls      = true
      [32m+[0m[0m restrict_public_buckets = true
    }

[1m  # module.waf.aws_s3_bucket_server_side_encryption_configuration.alb_logs[0m will be created
[0m  [32m+[0m[0m resource "aws_s3_bucket_server_side_encryption_configuration" "alb_logs" {
      [32m+[0m[0m bucket = (known after apply)
      [32m+[0m[0m id     = (known after apply)

      [32m+[0m[0m rule {
          [32m+[0m[0m apply_server_side_encryption_by_default {
              [32m+[0m[0m sse_algorithm     = "AES256"
                [90m# (1 unchanged attribute hidden)[0m[0m
            }
        }
    }

[1m  # module.waf.aws_s3_bucket_versioning.alb_logs[0m will be created
[0m  [32m+[0m[0m resource "aws_s3_bucket_versioning" "alb_logs" {
      [32m+[0m[0m bucket = (known after apply)
      [32m+[0m[0m id     = (known after apply)

      [32m+[0m[0m versioning_configuration {
          [32m+[0m[0m mfa_delete = (known after apply)
          [32m+[0m[0m status     = "Enabled"
        }
    }

[1m  # module.waf.aws_wafv2_web_acl.this[0m will be created
[0m  [32m+[0m[0m resource "aws_wafv2_web_acl" "this" {
      [32m+[0m[0m application_integration_url = (known after apply)
      [32m+[0m[0m arn                         = (known after apply)
      [32m+[0m[0m capacity                    = (known after apply)
      [32m+[0m[0m id                          = (known after apply)
      [32m+[0m[0m lock_token                  = (known after apply)
      [32m+[0m[0m name                        = "chatapp-prod-waf"
      [32m+[0m[0m name_prefix                 = (known after apply)
      [32m+[0m[0m scope                       = "REGIONAL"
      [32m+[0m[0m tags                        = {
          [32m+[0m[0m "Name" = "chatapp-prod-waf"
        }
      [32m+[0m[0m tags_all                    = {
          [32m+[0m[0m "Environment" = "prod"
          [32m+[0m[0m "ManagedBy"   = "terraform"
          [32m+[0m[0m "Name"        = "chatapp-prod-waf"
          [32m+[0m[0m "Project"     = "chatapp"
        }

      [32m+[0m[0m default_action {
          [32m+[0m[0m allow {
            }
        }

      [32m+[0m[0m rule {
          [32m+[0m[0m name     = "RateLimitPerIP"
          [32m+[0m[0m priority = 6

          [32m+[0m[0m action {
              [32m+[0m[0m block {
                }
            }

          [32m+[0m[0m statement {
              [32m+[0m[0m rate_based_statement {
                  [32m+[0m[0m aggregate_key_type    = "IP"
                  [32m+[0m[0m evaluation_window_sec = 300
                  [32m+[0m[0m limit                 = 2000
                }
            }

          [32m+[0m[0m visibility_config {
              [32m+[0m[0m cloudwatch_metrics_enabled = true
              [32m+[0m[0m metric_name                = "chatapp-prod-waf-ratelimit"
              [32m+[0m[0m sampled_requests_enabled   = true
            }
        }
      [32m+[0m[0m rule {
          [32m+[0m[0m name     = "BotControl"
          [32m+[0m[0m priority = 5

          [32m+[0m[0m override_action {
              [32m+[0m[0m count {}
            }

          [32m+[0m[0m statement {
              [32m+[0m[0m managed_rule_group_statement {
                  [32m+[0m[0m name        = "AWSManagedRulesBotControlRuleSet"
                  [32m+[0m[0m vendor_name = "AWS"
                    [90m# (1 unchanged attribute hidden)[0m[0m

                  [32m+[0m[0m managed_rule_group_configs {
                        [90m# (2 unchanged attributes hidden)[0m[0m

                      [32m+[0m[0m aws_managed_rules_bot_control_rule_set {
                          [32m+[0m[0m enable_machine_learning = true
                          [32m+[0m[0m inspection_level        = "COMMON"
                        }
                    }
                }
            }

          [32m+[0m[0m visibility_config {
              [32m+[0m[0m cloudwatch_metrics_enabled = true
              [32m+[0m[0m metric_name                = "chatapp-prod-waf-botcontrol"
              [32m+[0m[0m sampled_requests_enabled   = true
            }
        }
      [32m+[0m[0m rule {
          [32m+[0m[0m name     = "CommonRuleSet"
          [32m+[0m[0m priority = 2

          [32m+[0m[0m override_action {
              [32m+[0m[0m none {}
            }

          [32m+[0m[0m statement {
              [32m+[0m[0m managed_rule_group_statement {
                  [32m+[0m[0m name        = "AWSManagedRulesCommonRuleSet"
                  [32m+[0m[0m vendor_name = "AWS"
                    [90m# (1 unchanged attribute hidden)[0m[0m
                }
            }

          [32m+[0m[0m visibility_config {
              [32m+[0m[0m cloudwatch_metrics_enabled = true
              [32m+[0m[0m metric_name                = "chatapp-prod-waf-common"
              [32m+[0m[0m sampled_requests_enabled   = true
            }
        }
      [32m+[0m[0m rule {
          [32m+[0m[0m name     = "IPReputationList"
          [32m+[0m[0m priority = 1

          [32m+[0m[0m override_action {
              [32m+[0m[0m none {}
            }

          [32m+[0m[0m statement {
              [32m+[0m[0m managed_rule_group_statement {
                  [32m+[0m[0m name        = "AWSManagedRulesAmazonIpReputationList"
                  [32m+[0m[0m vendor_name = "AWS"
                    [90m# (1 unchanged attribute hidden)[0m[0m
                }
            }

          [32m+[0m[0m visibility_config {
              [32m+[0m[0m cloudwatch_metrics_enabled = true
              [32m+[0m[0m metric_name                = "chatapp-prod-waf-iprep"
              [32m+[0m[0m sampled_requests_enabled   = true
            }
        }
      [32m+[0m[0m rule {
          [32m+[0m[0m name     = "KnownBadInputs"
          [32m+[0m[0m priority = 3

          [32m+[0m[0m override_action {
              [32m+[0m[0m none {}
            }

          [32m+[0m[0m statement {
              [32m+[0m[0m managed_rule_group_statement {
                  [32m+[0m[0m name        = "AWSManagedRulesKnownBadInputsRuleSet"
                  [32m+[0m[0m vendor_name = "AWS"
                    [90m# (1 unchanged attribute hidden)[0m[0m
                }
            }

          [32m+[0m[0m visibility_config {
              [32m+[0m[0m cloudwatch_metrics_enabled = true
              [32m+[0m[0m metric_name                = "chatapp-prod-waf-badinputs"
              [32m+[0m[0m sampled_requests_enabled   = true
            }
        }
      [32m+[0m[0m rule {
          [32m+[0m[0m name     = "SQLiRuleSet"
          [32m+[0m[0m priority = 4

          [32m+[0m[0m override_action {
              [32m+[0m[0m none {}
            }

          [32m+[0m[0m statement {
              [32m+[0m[0m managed_rule_group_statement {
                  [32m+[0m[0m name        = "AWSManagedRulesSQLiRuleSet"
                  [32m+[0m[0m vendor_name = "AWS"
                    [90m# (1 unchanged attribute hidden)[0m[0m
                }
            }

          [32m+[0m[0m visibility_config {
              [32m+[0m[0m cloudwatch_metrics_enabled = true
              [32m+[0m[0m metric_name                = "chatapp-prod-waf-sqli"
              [32m+[0m[0m sampled_requests_enabled   = true
            }
        }

      [32m+[0m[0m visibility_config {
          [32m+[0m[0m cloudwatch_metrics_enabled = true
          [32m+[0m[0m metric_name                = "chatapp-prod-waf"
          [32m+[0m[0m sampled_requests_enabled   = true
        }
    }

[1mPlan:[0m [0m81 to add, 0 to change, 0 to destroy.

Changes to Outputs:
  [32m+[0m[0m acm_certificate_arn          = (known after apply)
  [32m+[0m[0m alb_logs_bucket              = (known after apply)
  [32m+[0m[0m app_secret_arn               = (known after apply)
  [32m+[0m[0m db_secret_arn                = (known after apply)
  [32m+[0m[0m eks_cluster_endpoint         = (known after apply)
  [32m+[0m[0m eks_cluster_name             = "chatapp-prod-cluster"
  [32m+[0m[0m helm_deploy_command          = <<-EOT
        # Update kubeconfig
        aws eks update-kubeconfig --name chatapp-prod-cluster --region us-east-1
        
        # Download RDS CA bundle (if not already present)
        curl -sL https://truststore.pki.rds.amazonaws.com/global/global-bundle.pem -o global-bundle.pem
        
        # Apply with generated values
        helm upgrade --install chatapp ../awschatapp-platform \
          --values ../awschatapp-platform/values.yaml \
          --values ../awschatapp-platform/values-prod-infra.yaml \
          --values ../awschatapp-platform/values-prod-secrets.yaml \
          -n chatapp --create-namespace
    EOT
  [32m+[0m[0m rds_reader_endpoint          = (known after apply)
  [32m+[0m[0m rds_writer_endpoint          = (known after apply)
  [32m+[0m[0m redis_configuration_endpoint = (known after apply)
  [32m+[0m[0m waf_web_acl_arn              = (known after apply)
[31m╷[0m[0m
[31m│[0m [0m[1m[31mError: [0m[0m[1mFailed to construct REST client[0m
[31m│[0m [0m
[31m│[0m [0m[0m  with kubernetes_manifest.cluster_secret_store,
[31m│[0m [0m  on k8s.tf line 82, in resource "kubernetes_manifest" "cluster_secret_store":
[31m│[0m [0m  82: resource "kubernetes_manifest" "cluster_secret_store" [4m{[0m[0m
[31m│[0m [0m
[31m│[0m [0mcannot create REST client: no client config
[31m╵[0m[0m
